idname,roottype,L1,L2,L3,L4,L5,L6,L7,L8,L9,L10,L11,L12,L13,L14
2,Lateralroot,0,0,0,0.18388152,1.55973188,2.116104241,2.05096174,1.655405679,1.888374155,2.133916369,1.801039025,2.032775264,2.032775264,2.032775264
2,primaryroot,0,1.24769597,2.58451704,2.562710575,5.05306108,5.65217231,6.39702162,7.3317365,7.1402752,7.2206963,7.54340144,7.3461625,7.3461625,7.3461625
2,sum_root,0,1.24769597,2.58451704,2.746592095,6.61279296,7.768276551,8.44798336,8.987142179,9.028649355,9.354612669,9.344440465,9.378937764,9.378937764,9.378937764
4,Lateralroot,0,0,0,0,0.873677166,5.938032927,9.727636447,10.08201737,12.91424557,13.99904912,9.391843792,14.3356423,10.13750815,11.35578316
4,primaryroot,0.277796085,1.03508766,3.73705902,6.26685583,9.6721358,10.9880591,13.0149322,17.0288822,14.9538799,14.2255685,18.7776956,14.8903113,19.3505283,19.3243769
4,sum_root,0.277796085,1.03508766,3.73705902,6.26685583,10.54581297,16.92609203,22.74256865,27.11089957,27.86812547,28.22461762,28.16953939,29.2259536,29.48803645,30.68016006
5,Lateralroot,0,0,0,0,0,0,0,0,0,0,0,0,0,0
5,primaryroot,0.2782902,0.2782902,0.2782902,0.32037175,0.3252606,0.2772797,0.31751305,0.3147259,0.2938482,0.34150425,0.33221748,0.31373948,0.31373948,0.31373948
5,sum_root,0.2782902,0.2782902,0.2782902,0.32037175,0.3252606,0.2772797,0.31751305,0.3147259,0.2938482,0.34150425,0.33221748,0.31373948,0.31373948,0.31373948
6,Lateralroot,0,0,0,0.1302676,0.64378272,0.83312981,0.688368527,0.826221953,2.02505026,2.2654737,5.710794296,8.97304339,11.40725351,11.67744552
6,primaryroot,0.4332457,3.1497771,5.9073612,8.1615717,10.9765282,12.6207309,14.9266425,16.6853168,24.5614037,28.5168504,29.74765,32.1716544,35.615965,37.9189935
6,sum_root,0.4332457,3.1497771,5.9073612,8.2918393,11.62031092,13.45386071,15.61501103,17.51153875,26.58645396,30.7823241,35.4584443,41.14469779,47.02321851,49.59643902
9,Lateralroot,0,0,0.67256417,3.635245107,8.920181518,17.31878821,33.23570399,56.92160218,80.15965575,122.1659104,134.7410027,151.1501988,162.0942086,166.2453424
9,primaryroot,0,4.6108972,12.7771655,16.4702237,20.74084413,25.1006387,30.1212338,38.1354249,36.2537443,32.27354984,40.85537866,48.5966246,59.6378388,64.3717108
9,sum_root,0,4.6108972,13.44972967,20.10546881,29.66102565,42.41942691,63.35693779,95.05702708,116.4134,154.4394603,175.5963814,199.7468234,221.7320474,230.6170532
9,Lateralroot,0,0,0.34036714,1.911109588,4.753198075,6.593440736,13.1152896,18.40862898,25.6308645,28.14989695,28.81888631,37.21366582,28.78073249,36.62923027
9,primaryroot,0,0.7672743,5.98659524,12.4924149,16.900076,20.9547211,27.4156714,31.1754109,33.4699278,37.6435245,41.4375695,52.5983781,41.5618371,32.0972033
9,sum_root,0,0.7672743,6.32696238,14.40352449,21.65327408,27.54816184,40.530961,49.58403988,59.1007923,65.79342145,70.25645581,89.81204392,70.34256959,68.72643357
9,Lateralroot,0,0,0.292588897,3.10714764,6.522826287,23.3295732,29.87733987,48.19160463,71.57310724,92.34137118,115.0230576,140.1093809,152.4650237,160.4868888
9,primaryroot,0,0.37969235,5.37771365,10.5214632,15.9620701,30.3432375,23.295303,27.2677644,29.58439,29.2939258,32.2296666,29.141596,30.1328937,31.6722069
9,sum_root,0,0.37969235,5.670302547,13.62861084,22.48489639,53.6728107,53.17264287,75.45936903,101.1574972,121.635297,147.2527242,169.2509769,182.5979174,192.1590957
11,Lateralroot,0,0.1863376,0.7086895,2.06842483,4.199781677,7.96797452,9.92,11.88070817,14.14,16.40377042,17.11522338,18.8886609,19.291219,18.28268748
11,primaryroot,1.21618377,2.64717445,4.64242947,7.4771232,8.81927507,10.20960507,10.19,10.17095603,10.26,10.3498908,10.39238554,9.357586334,11.43329651,11.36450389
11,sum_root,1.21618377,2.83351205,5.35111897,9.54554803,13.01905675,18.17757959,0,22.0516642,0,26.75366122,27.50760891,28.24624723,30.72451551,29.64719136
12,Lateralroot,0,0.147498505,1.435565714,3.35007456,3.751098398,10.76302603,9.98016293,12.54588807,21.08024066,29.50144763,29.50144763,29.50144763,29.50144763,29.50144763
12,primaryroot,1.98305843,4.29291205,4.68791863,7.34081845,9.42980186,10.57111588,12.99209041,13.7825563,15.36437412,13.305649,13.305649,13.305649,13.305649,13.305649
12,sum_root,1.98305843,4.440410555,6.123484344,10.69089301,13.18090026,21.33414191,22.97225334,26.32844437,36.44461478,42.80709663,42.80709663,42.80709663,42.80709663,42.80709663
15,Lateralroot,0,0,0,0,0,0.32657186,2.91040149,4.713870177,11.86362035,14.62990982,16.77564476,19.30946115,17.51328436,17.26956611
15,primaryroot,0,0,0.011168452,0,1.7416368,7.2948184,9.296546,10.756832,11.867335,12.054637,12.152559,12.065073,12.144997,11.555365
15,sum_root,0,0,0.011168452,0,1.7416368,7.62139026,12.20694749,15.47070218,23.73095535,26.68454682,28.92820376,31.37453415,29.65828136,28.82493111
15,Lateralroot,0,0.5540296,1.3811332,1.688156081,2.885477645,6.814199934,13.42389473,26.00880564,48.1564125,52.17017913,57.63606243,53.00569904,63.60012518,65.0463963
15,primaryroot,1.7434943,4.2302008,5.644619,6.551514,7.3273615,8.732886,11.2027724,12.3756833,12.6875213,13.4393464,14.2795305,15.271083,15.204445,15.0608207
15,sum_root,1.7434943,4.7842304,7.0257522,8.239670081,10.21283915,15.54708593,24.62666713,38.38448894,60.8439338,65.60952553,71.91559293,68.27678204,78.80457018,80.107217
17,Lateralroot,0,0,0,0,0,0,0,0,0,0,0,0,0,0
17,primaryroot,0,0,0,1.0337707,1.2111115,2.2175033,2.3655019,2.7375398,3.8412397,4.169393,4.181856,4.090269,4.0751534,3.8521569
17,sum_root,0,0,0,1.0337707,1.2111115,2.2175033,2.3655019,2.7375398,3.8412397,4.169393,4.181856,4.090269,4.0751534,3.8521569
17,Lateralroot,0,0,0,0,0,0,0,0,0.046556912,0.11119671,0.18632838,0.2746543,0.2746543,0.2746543
17,primaryroot,0,0,0.819335,0.97173476,1.2952106,1.2763075,1.3973417,1.4026474,1.4148066,1.3779358,1.3836167,1.420009,1.420009,1.420009
17,sum_root,0,0,0.819335,0.97173476,1.2952106,1.2763075,1.3973417,1.4026474,1.461363512,1.48913251,1.56994508,1.6946633,1.6946633,1.6946633
34,Lateralroot,0,0,0,0,0,0,0.36597143,0.33354514,0.41706859,0.5473004,0.48113591,0.37775886,0.38966635,0.345158235
34,primaryroot,0,0.14865604,0.71762735,0.6535432,1.1880597,1.1085348,1.349521,1.8719109,1.9376152,2.2182786,2.098492,1.9081668,2.160087,2.121232
34,sum_root,0,0.14865604,0.71762735,0.6535432,1.1880597,1.1085348,1.71549243,2.20545604,2.35468379,2.765579,2.57962791,2.28592566,2.54975335,2.466390235
34,Lateralroot,0,0,0,0,0,0,0,0,0,0,0,0,0,0
34,primaryroot,0,0,0.46550453,1.01490963,2.64814404,4.26207558,3.79762275,3.52175334,6.23276247,5.26421605,6.39787633,6.5388875,6.62508105,6.99692772
34,sum_root,0,0,0.46550453,1.01490963,2.64814404,4.26207558,3.79762275,3.52175334,6.23276247,5.26421605,6.39787633,6.5388875,6.62508105,6.99692772
39,Lateralroot,0.73636557,2.17477275,4.07434358,6.27457958,9.57148286,12.3831514,14.29563148,13.62787934,14.85894144,15.10632463,14.76702751,14.99688539,16.06490683,16.20585559
39,primaryroot,2.8374845,3.41733274,6.27372857,10.03223932,13.96687594,15.66185702,15.47331609,16.31219966,15.9992624,16.53595398,16.41965269,16.43017317,16.70886473,16.7464815
39,sum_root,3.57385007,5.59210549,10.34807215,16.3068189,23.5383588,28.04500842,29.76894757,29.940079,30.85820384,31.64227861,31.1866802,31.42705856,32.77377156,32.95233709
40,Lateralroot,0,0,0,0,0,0,0,0,0,0,0,0,0,0
40,primaryroot,0,0.25916687,0.4459775,1.4128864,2.1847017,2.6979365,3.051892,3.1858544,3.2482738,3.0560298,3.3522756,3.4445412,3.4105303,3.4105303
40,sum_root,0,0.25916687,0.4459775,1.4128864,2.1847017,2.6979365,3.051892,3.1858544,3.2482738,3.0560298,3.3522756,3.4445412,3.4105303,3.4105303
42,Lateralroot,0,0,0.28731264,0.92267158,0.90681336,1.74682527,3.672065704,3.823990704,4.298447761,4.38733527,4.124139378,4.6869791,4.135764489,5.124041041
42,primaryroot,0,1.1652613,2.95886171,4.58186651,5.89036824,6.837384586,7.23829015,9.01127086,7.46091304,7.90801286,8.13511479,8.3869439,9.25513615,8.38068651
42,sum_root,0,1.1652613,3.24617435,5.50453809,6.7971816,8.584209856,10.91035585,12.83526156,11.7593608,12.29534813,12.25925417,13.073923,13.39090064,13.50472755
42,Lateralroot,0,0,0,0.962287074,2.135642607,5.602689475,11.08011156,15.84860268,17.81485405,17.83014288,20.24820208,23.3464346,22.70485466,24.60437363
42,primaryroot,0,0.47641692,2.5173235,4.70814005,7.41696684,7.43173704,10.0394998,10.04199835,10.27900246,9.89227491,10.7221585,10.221512,10.0294589,10.150435
42,sum_root,0,0.47641692,2.5173235,5.670427124,9.552609447,13.03442652,21.11961136,25.89060103,28.09385651,27.72241779,30.97036058,33.5679466,32.73431356,34.75480863
50,Lateralroot,0,0,0,0,0.718146145,0.996048246,1.68942069,2.957492031,4.26676856,5.33627147,5.65428519,3.86023135,5.62840006,5.505799484
50,primaryroot,0.14128782,2.6722129,6.4052648,7.1107293,10.0835984,10.7630165,11.6048943,12.4752829,11.74314924,12.3023361,12.2932904,13.22086674,12.5067963,11.92716
50,sum_root,0.14128782,2.6722129,6.4052648,7.1107293,10.80174455,11.75906475,13.29431499,15.43277493,16.0099178,17.63860757,17.94757559,17.08109809,18.13519636,17.43295948
50,Lateralroot,0,0,0,0,0,0,0,2.91766782,4.60297227,11.57683507,14.01059339,15.35389954,15.36833842,54.22114532
50,primaryroot,0,2.2146112,3.47049675,4.761846,4.2093029,4.8881068,4.6116184,5.6893151,8.5824742,8.9573223,9.4426596,8.8476091,8.9835888,28.58873
50,sum_root,0,2.2146112,3.47049675,4.761846,4.2093029,4.8881068,4.6116184,8.60698292,13.18544647,20.53415737,23.45325299,24.20150864,24.35192722,82.80987532
52,Lateralroot,0,0,0,0,0,0,0,0,1.62278715,3.189743699,4.562624742,5.058963245,7.233773531,6.745333988
52,primaryroot,0,0,0,0,0,0,3.6383537,3.8592275,5.126769,6.1118639,5.8524155,7.854516,6.2225268,5.9433272
52,sum_root,0,0,0,0,0,0,3.6383537,3.8592275,6.74955615,9.301607599,10.41504024,12.91347925,13.45630033,12.68866119
52,Lateralroot,0,0,0,0.545834629,0.401524874,0.32479096,0.695625111,1.306347106,1.83339433,1.691025188,1.857528636,3.066434172,2.845763735,3.004307214
52,primaryroot,0.79568996,1.46091354,2.2273841,3.23402429,4.36412983,5.47751614,6.51793926,7.28077454,6.93252436,7.63946401,7.230120675,6.79664588,7.82310782,7.41420439
52,sum_root,0.79568996,1.46091354,2.2273841,3.779858919,4.765654704,5.8023071,7.213564371,8.587121646,8.76591869,9.330489198,9.087649311,9.863080052,10.66887156,10.4185116
54,Lateralroot,0,0,0,0.193704496,0.24,0.288034017,1.400715172,2.06367461,2.77737493,4.53253878,8.83420081,21.50478875,20.14373132,20.00070211
54,primaryroot,0,1.3561145,4.964425,7.6574546,11.2885356,14.29218,17.801021,22.327657,25.140509,29.644963,32.227306,29.125931,32.888217,30.396254
54,sum_root,0,1.3561145,4.964425,7.851159096,11.2885356,14.58021402,19.20173617,24.39133161,27.91788393,34.17750178,41.06150681,50.63071975,53.03194832,50.39695611
56,Lateralroot,0,0,0,0,0,0,0,0,0,0,0,0,0,0
56,primaryroot,0.13065359,0.27521429,1.1060686,1.22637507,1.36614613,1.6744223,2.0288205,2.03488384,2.0770519,2.2825556,2.1063627,2.1063627,2.1063627,2.1063627
56,sum_root,0.13065359,0.27521429,1.1060686,1.22637507,1.36614613,1.6744223,2.0288205,2.03488384,2.0770519,2.2825556,2.1063627,2.1063627,2.1063627,2.1063627
56,Lateralroot,0,0,0,0,0,0,0,0,0,0,0,0,0,0
56,primaryroot,0.3344923,0.44898832,1.4511572,1.6781046,1.4383619,1.6609545,1.6320763,1.8534398,1.6597736,1.7359074,1.5687146,1.4276243,1.4276243,1.4276243
56,sum_root,0.3344923,0.44898832,1.4511572,1.6781046,1.4383619,1.6609545,1.6320763,1.8534398,1.6597736,1.7359074,1.5687146,1.4276243,1.4276243,1.4276243
58,Lateralroot,0,0,0,0,0.91466768,0.25031596,0.526664116,0.527585667,3.254392043,9.522900819,12.17128173,12.86203301,15.96627458,14.01255895
58,primaryroot,0,0,0.42038426,2.51100896,6.1436517,9.6155695,12.6815447,14.6490322,17.78192,20.017393,22.874377,24.7719654,27.537034,30.128409
58,sum_root,0,0,0.42038426,2.51100896,7.05831938,9.86588546,13.20820882,15.17661787,21.03631204,29.54029382,35.04565873,37.63399841,43.50330858,44.14096795
58,Lateralroot,0,0,0,0,0,0,0,0.5242311,1.805138132,4.068575226,7.694905939,8.184013236,11.1577584,9.181710746
58,primaryroot,0,0,0.93689508,5.810251,8.2228605,10.4605101,13.1641619,17.3314819,19.5272626,20.2399028,22.1059,24.108248,24.9743352,25.304164
58,sum_root,0,0,0.93689508,5.810251,8.2228605,10.4605101,13.1641619,17.855713,21.33240073,24.30847803,29.80080594,32.29226124,36.1320936,34.48587475
58,Lateralroot,0,0,0,0.28948059,0.49514292,1.28,2.057570822,4.374384801,10.27139493,16.18473783,23.56341266,18.25553167,19.15552577,19.15552577
58,primaryroot,0,0,3.9951339,9.9807688,13.0497349,15.7294237,22.711756,23.1179396,25.8193763,31.873272,35.05691,37.868023,38.4760945,38.4760945
58,sum_root,0,0,3.9951339,10.27024939,13.54487782,15.7294237,24.76932682,27.4923244,36.09077123,48.05800983,58.62032266,56.12355467,57.63162027,57.63162027
63,Lateralroot,0,0,0,0,0,0,0,0,0,0,0,0,0,0
63,primaryroot,0.21283257,2.6103158,5.1513553,5.5709424,5.770339,5.3365397,5.5073266,5.5582542,4.8578434,4.9948845,5.6771803,5.573419,4.9549136,4.669752
63,sum_root,0.21283257,2.6103158,5.1513553,5.5709424,5.770339,5.3365397,5.5073266,5.5582542,4.8578434,4.9948845,5.6771803,5.573419,4.9549136,4.669752
63,Lateralroot,0,0,0.20228878,0.1660019,0.15418583,0.15594168,0.14584027,0.18246011,0.10328142,0.10998419,0.13157113,0.16096354,0.1330795,0.19854595
63,primaryroot,0.2664198,1.31794582,1.72436251,2.07087311,2.16192805,2.12366394,2.0848796,2.0285292,2.14941004,2.09306293,2.09037529,2.06769216,2.09644479,2.13225517
63,sum_root,0.2664198,1.31794582,1.92665129,2.23687501,2.31611388,2.27960562,2.23071987,2.21098931,2.25269146,2.20304712,2.22194642,2.2286557,2.22952429,2.33080112
64,Lateralroot,0,0,0,0,0,2.105765674,8.93142336,12.91010101,16.7978722,24.65186911,30.28538947,24.02640237,33.47018818,39.40880645
64,primaryroot,4.4091467,10.9061645,14.691981,18.4482255,18.817478,20.92048,21.665797,23.758733,24.482218,26.163941,26.93454362,27.32459679,26.4105823,27.31831831
64,sum_root,4.4091467,10.9061645,14.691981,18.4482255,18.817478,23.02624567,30.59722036,36.66883401,41.2800902,50.81581011,57.21993309,51.35099916,59.88077048,66.72712475
64,Lateralroot,0,0,0,0,1.04556895,5.7879284,8.39531105,14.38249906,22.49099459,21.39,20.28699266,24.4,28.50466798,28.50466798
64,primaryroot,5.94155056,19.6885088,30.2698154,34.6287144,39.6132545,49.6979295,55.273618,60.797682,64.999131,64.78,64.558978,65.96,67.366846,67.366846
64,sum_root,5.94155056,19.6885088,30.2698154,34.6287144,40.65882345,55.4858579,63.66892905,75.18018106,87.49012559,0,84.84597066,0,95.87151398,95.87151398
64,Lateralroot,0,0,0,0,0,0.09926724,0.16300803,0.58442908,7.263718525,16.15510915,26.17007159,29.72370999,46.61849649,35.65651321
64,primaryroot,0.06516468,0.95197101,3.93953628,7.61154466,11.19768327,16.87296923,29.4858537,23.80492807,25.16850975,29.7160182,32.78908663,37.8732976,28.85692062,37.56733814
64,sum_root,0.06516468,0.95197101,3.93953628,7.61154466,11.19768327,16.97223647,29.64886173,24.38935715,32.43222828,45.87112735,58.95915822,67.59700759,75.47541711,73.22385135
68,Lateralroot,0,0,0,0,1.540187024,4.158852404,7.80492524,13.25245053,16.48061966,28.42586009,29.60207046,29.36545778,30.56576933,30.56576933
68,primaryroot,0,0,2.5998578,7.6265697,13.045749,16.7422151,21.202111,28.331417,32.142891,35.534935,36.226885,36.212872,36.937699,36.937699
68,sum_root,0,0,2.5998578,7.6265697,14.58593602,20.9010675,29.00703624,41.58386753,48.62351066,63.96079509,65.82895546,65.57832978,67.50346833,67.50346833
68,Lateralroot,0,0,0,0,0.14384201,3.34432327,2.7513125,3.362859955,5.99674626,14.75618206,20.48384515,33.24987161,44.96520774,44.96520774
68,primaryroot,0,0,2.8850692,2.6843492,6.3344602,8.997566,10.2058423,12.3820934,14.8453596,17.8805125,19.8987245,18.2386907,22.90753205,22.90753205
68,sum_root,0,0,2.8850692,2.6843492,6.47830221,12.34188927,12.9571548,15.74495336,20.84210586,32.63669456,40.38256965,51.48856231,67.87273979,67.87273979
68,Lateralroot,0,0,0,0,0,0.07527074,0.84184177,0.540186042,1.919846752,8.519566821,17.47529162,30.80963564,44.48298401,44.48298401
68,primaryroot,0,0,2.78420925,10.29312171,14.08288484,17.63205157,24.63583041,29.49390471,35.35989592,39.98704741,41.86652076,44.51070804,46.8305526,46.8305526
68,sum_root,0,0,2.78420925,10.29312171,14.08288484,17.70732231,25.47767218,30.03409075,37.27974267,48.50661423,59.34181238,75.32034368,91.31353661,91.31353661
72,Lateralroot,0,0,0,0,0,0.41788116,0.37677124,0.9348212,1.1278863,1.1738188,1.094733,1.3655337,1.2628275,1.2547196
72,primaryroot,1.40016089,2.33098836,2.46218472,2.75667381,3.65528701,5.433902,7.43976026,12.8553502,14.4022849,15.3600844,16.48379584,17.1838453,16.64940633,17.2527857
72,sum_root,1.40016089,2.33098836,2.46218472,2.75667381,3.65528701,5.85178316,7.8165315,13.7901714,15.5301712,16.5339032,17.57852884,18.549379,17.91223383,18.5075053
72,Lateralroot,0,0,0,0,0.53111261,0.92097389,1.37301165,3.22115668,4.98076749,6.323324294,8.0479003,9.205986455,9.56647632,10.94052133
72,primaryroot,1.357963,3.2094118,4.2664676,4.83178777,6.78817367,7.05612007,7.35098371,8.48044426,8.98296051,11.61839478,12.1602174,13.49017243,13.98056984,14.59625437
72,sum_root,1.357963,3.2094118,4.2664676,4.83178777,7.31928628,7.97709396,8.72399536,11.70160094,13.963728,17.94171907,20.2081177,22.69615889,23.54704616,25.5367757
74,Lateralroot,0,0,0.1267227,0.46,0.78804266,0.8024792,0.8999234,0.93589656,0.9187815,1.02256641,1.00205216,0.74009679,1.027540346,1.028564898
74,primaryroot,0.049442083,0.84669206,1.45912276,2.81720935,4.9985378,6.67218673,8.1013034,8.4168267,9.0415044,9.42078694,9.51152842,9.3483357,9.45024716,9.46486103
74,sum_root,0.049442083,0.84669206,1.58584546,2.81720935,5.78658046,7.47466593,9.0012268,9.35272326,9.9602859,10.44335335,10.51358058,10.08843249,10.47778751,10.49342593
74,Lateralroot,0,0,0.131503624,0.679299772,1.378584868,3.023129365,3.13716685,4.23490906,3.571984858,3.62295629,4.18606885,4.249818898,4.841927398,5.922500644
74,primaryroot,0.7690818,1.9022716,3.44322693,4.02105524,5.28200239,5.5675086,6.507076694,9.44217419,10.63956803,10.75860337,10.8681373,11.80229355,12.35681672,13.28450512
74,sum_root,0.7690818,1.9022716,3.574730554,4.700355012,6.660587258,8.590637965,9.644243544,13.67708325,14.21155288,14.38155966,15.05420615,16.05211245,17.19874412,19.20700576
80,Lateralroot,0,0,0.30603755,0.0326931,2.27652859,5.599721079,4.24199874,4.823318835,5.822863007,20.82514698,36.14138396,35.90305824,36.55513249,36.49995433
80,primaryroot,0.643099,1.09057248,2.4376228,3.85746551,7.02705535,9.380527,11.58900924,14.77057256,14.42347118,15.39669025,15.66245471,15.76236577,15.05768657,15.52404064
80,sum_root,0.643099,1.09057248,2.74366035,3.89015861,9.30358394,14.98024808,15.83100798,19.5938914,20.24633419,36.22183723,51.80383867,51.66542401,51.61281906,52.02399497
80,Lateralroot,0,0,0,0.086415481,0.677419906,0.545867395,1.339303575,2.415143821,5.102672323,10.42297032,14.89162818,20.74,26.59120162,26.59120162
80,primaryroot,0,0,0.30292746,3.76058806,7.1419626,9.8209643,13.3117614,16.2929951,18.6800336,21.2117632,22.83946826,25.22,27.6020892,27.6020892
80,sum_root,0,0,0.30292746,3.847003541,7.819382506,10.3668317,14.65106498,18.70813892,23.78270592,31.63473352,37.73109644,0,54.19329082,54.19329082
80,Lateralroot,0,0,0.68114705,0.84085347,3.205718539,2.809847302,5.41725792,11.08178427,21.08996287,28.90927883,39.74701874,48.30227315,64.72243041,64.72243041
80,primaryroot,0.5745369,2.8220759,9.78284979,10.67127979,14.09215062,17.86917644,19.86229631,19.87414407,21.05972155,20.94788342,20.97101244,21.1366635,20.62877091,20.62877091
80,sum_root,0.5745369,2.8220759,10.46399684,11.51213326,17.29786916,20.67902374,25.27955423,30.95592834,42.14968442,49.85716225,60.71803118,69.43893665,85.35120132,85.35120132
83,Lateralroot,0,0,0,0,0.30372442,1.24456773,4.934630805,14.70174739,32.6262101,40.25115441,50.48731229,52.25725108,64.10672465,64.10672465
83,primaryroot,0,0.38260514,5.4214144,12.6931,16.8279101,21.7519442,29.5254855,30.874874,32.888171,37.024668,38.479294,42.993573,43.808737,43.808737
83,sum_root,0,0.38260514,5.4214144,12.6931,17.13163452,22.99651193,34.46011631,45.57662139,65.5143811,77.27582241,88.96660629,95.25082408,107.9154617,107.9154617
83,Lateralroot,0,0,0.08163202,0.34519652,0.4341567,2.40626713,1.8958477,2.2702347,1.70359095,0.67334,1.657684735,1.598869313,1.786239105,1.786239105
83,primaryroot,3.51322663,5.20884951,6.5997456,12.0084859,14.1173934,16.4621355,17.6355264,16.5942134,16.9418121,20.8643361,18.4641229,21.7973532,21.8707342,21.8707342
83,sum_root,3.51322663,5.20884951,6.68137762,12.35368242,14.5515501,18.86840263,19.5313741,18.8644481,18.64540305,21.5376761,20.12180764,23.39622251,23.65697331,23.65697331
86,Lateralroot,0,0.279807098,0.82866112,1.97137333,2.695588364,2.28342914,6.86830709,10.8525144,12.79018435,14.01040065,21.62767474,29.77627202,32.68492171,34.40043257
86,primaryroot,1.7333615,4.245657,4.634163,6.515907,7.66815,8.417811,9.81059796,11.43407769,11.54872312,11.69971493,11.71090954,12.29773989,12.40250589,12.6404147
86,sum_root,1.7333615,4.525464098,5.46282412,8.48728033,10.36373836,10.70124014,16.67890505,22.28659209,24.33890747,25.71011558,33.33858428,42.07401191,45.0874276,47.04084727
88,Lateralroot,0,2.03841477,4.149706426,4.605777912,5.333386067,14.24115883,29.34978349,39.99640585,53.02263099,54.65663751,63.22839694,78.92743846,78.92743846,78.92743846
88,primaryroot,5.8400418,9.5398756,12.87232944,14.29477054,20.23297023,17.8120106,21.9964349,15.59086918,26.8237281,25.73200726,25.5121869,18.31704633,18.31704633,18.31704633
88,sum_root,5.8400418,11.57829037,17.02203587,18.90054845,25.5663563,32.05316943,51.34621839,55.58727503,79.84635909,80.38864477,88.74058384,97.24448479,97.24448479,97.24448479
89,Lateralroot,0,0,0,0,0,0,0.53844335,0.731242076,0.73297239,0.74444838,0.89195312,0.824896845,0.824896845,0.824896845
89,primaryroot,0,0,0,0.8495998,0.86183864,1.2010607,1.0336707,1.094227,1.26875,1.2706587,1.1880716,1.2853166,1.2853166,1.2853166
89,sum_root,0,0,0,0.8495998,0.86183864,1.2010607,1.57211405,1.825469076,2.00172239,2.01510708,2.08002472,2.110213445,2.110213445,2.110213445
92,Lateralroot,0,0,0,0,0,0.041120417,0.040880594,0.10552806,0.13651161,0,0.112271525,0.10154514,0.205295146,0.289308915
92,primaryroot,0,0,0,0.95904905,2.3847544,2.480885,2.3422546,2.3080935,2.252492,2.4441862,2.3383505,2.3558087,2.5512955,2.4699223
92,sum_root,0,0,0,0.95904905,2.3847544,2.522005417,2.383135194,2.41362156,2.38900361,2.4441862,2.450622025,2.45735384,2.756590646,2.759231215
97,Lateralroot,0,0,0.36049968,0.23677312,0.09982754,0.036769424,0.2531123,1.71656605,2.90042333,4.07772924,6.726478935,9.440331972,9.193646595,10.44604405
97,primaryroot,0,0.283652213,1.19699327,2.35497481,3.83553384,5.2622102,6.71741697,9.38349224,13.2028433,14.90598135,18.03123909,18.02933679,21.61493247,22.48092547
97,sum_root,0,0.283652213,1.55749295,2.59174793,3.93536138,5.298979624,6.97052927,11.10005829,16.10326663,18.98371059,24.75771803,27.46966876,30.80857907,32.92696952
97,Lateralroot,0,0,0,0,0,0,0.6034857,0.06965079,3.38721894,5.73414306,8.2420049,11.93761699,9.924404566,10.35536995
97,primaryroot,0,0,0.45476591,1.95248992,4.10213805,4.77659739,6.35507535,7.21998901,12.67307254,14.52547741,14.7835883,13.48101533,15.93880942,15.62537803
97,sum_root,0,0,0.45476591,1.95248992,4.10213805,4.77659739,6.95856105,7.2896398,16.06029148,20.25962047,23.0255932,25.41863232,25.86321399,25.98074798
98,Lateralroot,0.06165647,0.06933428,0.074073136,0.28,0.4880134,0.33757633,1.096261166,1.430410447,2.197416405,1.769763235,2.097816026,2.264966078,3.05107286,3.157489192
98,primaryroot,0.7133175,1.3035175,1.1307561,1.95,2.7697425,4.0449095,5.457623,6.714117,6.975381,8.4086485,8.357649,8.910082,9.89639,11.049171
98,sum_root,0.77497397,1.37285178,1.204829236,0,3.2577559,4.38248583,6.553884166,8.144527447,9.172797405,10.17841174,10.45546503,11.17504808,12.94746286,14.20666019
98,Lateralroot,0,0,0,0.76018833,1.132970708,1.094806297,1.189820047,1.435002905,1.744913165,2.592863056,2.163672197,2.729866885,2.512832666,2.611317491
98,primaryroot,0.49677947,0.49428037,0.83272874,2.0426342,2.8495817,3.8509395,4.9823694,6.037138,6.932949,7.098613,7.8698273,7.7924643,8.282607,8.046512
98,sum_root,0.49677947,0.49428037,0.83272874,2.80282253,3.982552408,4.945745797,6.172189447,7.472140905,8.677862165,9.691476056,10.0334995,10.52233119,10.79543967,10.65782949
99,Lateralroot,0,0,0,0.029094605,0.031319745,0.051299725,0.0875243,0.14250662,0.389959843,2.765846529,5.080361801,5.868752621,5.417657248,6.460061433
99,primaryroot,0,0.19096701,1.9547347,2.4463177,2.9340873,4.291918,5.9933896,7.4276423,8.910395,11.288295,11.808911,12.86326,13.353956,13.192627
99,sum_root,0,0.19096701,1.9547347,2.475412305,2.965407045,4.343217725,6.0809139,7.57014892,9.300354843,14.05414153,16.8892728,18.73201262,18.77161325,19.65268843
101,Lateralroot,0,0,0,0,0,0,0,6.55201774,13.61546138,18.36557071,19.61961029,28.11160435,25.84112087,26.95782755
101,primaryroot,0.5223945,0.39337528,2.8253508,4.1317363,3.8289769,4.315366,4.377977,4.187537,4.1620607,4.284569,4.1277986,4.53929,4.184738,4.0061707
101,sum_root,0.5223945,0.39337528,2.8253508,4.1317363,3.8289769,4.315366,4.377977,10.73955474,17.77752208,22.65013971,23.74740889,32.65089435,30.02585887,30.96399825
101,Lateralroot,0,0,1.161637968,5.79791838,10.70527697,10.08396114,17.10782644,21.10597209,32.97546332,34.8177178,36.05141682,40.23025879,42.15786723,42.15786723
101,primaryroot,0.412711764,2.50461072,4.66967018,4.68684032,5.8432861,6.85639054,7.2672444,7.35445698,7.71554928,7.63396228,7.6798237,7.5385136,7.50516618,7.50516618
101,sum_root,0.412711764,2.50461072,5.831308148,10.4847587,16.54856307,16.94035168,24.37507084,28.46042907,40.6910126,42.45168008,43.73124052,47.76877239,49.66303341,49.66303341
101,Lateralroot,0,0,0,0,0.769772856,4.71672954,9.05126566,10.07787974,9.70192087,10.72271349,10.59495184,11.02048183,11.99149811,10.66506108
101,primaryroot,0,0.648462303,6.8064573,9.52077799,9.15669107,9.74205135,10.9239401,10.8773085,11.55160516,11.26692164,10.29078612,10.40836872,11.05285874,11.3226055
101,sum_root,0,0.648462303,6.8064573,9.52077799,9.926463926,14.45878089,19.97520576,20.95518824,21.25352603,21.98963513,20.88573796,21.42885055,23.04435685,21.98766658
102,Lateralroot,0,0,0,0.154037364,0.411837185,0.886903531,0.850165469,0.866014064,1.264880979,1.401060198,1.84911463,2.358993206,1.796801446,2.0869858
102,primaryroot,0.7797365,2.6055863,4.211192,5.008318,6.602369,9.216412,11.673402,13.100518,14.156038,14.233395,14.77668093,15.9518035,14.9034237,16.4569413
102,sum_root,0.7797365,2.6055863,4.211192,5.162355364,7.014206185,10.10331553,12.52356747,13.96653206,15.42091898,15.6344552,16.62579556,18.31079671,16.70022515,18.5439271
102,Lateralroot,0,0,0,0.194397087,0.467351257,0.979233633,1.465642575,2.000590974,2.222299094,2.58,2.931065074,2.881226159,3.690015975,3.402308581
102,primaryroot,1.20403401,3.586102856,6.577339,7.7888599,8.50582386,9.52782922,10.08758593,10.64692687,11.0023235,12.49,13.97117729,15.65208465,16.93343653,18.12581548
102,sum_root,1.20403401,3.586102856,6.577339,7.983256987,8.973175117,10.50706285,11.55322851,12.64751784,13.22462259,0,16.90224237,18.53331081,20.62345251,21.52812406
105,Lateralroot,0.107542835,2.318026927,5.01714793,11.50212431,18.04584635,29.3935313,41.00676404,56.71734632,69.94882674,99.47342341,110.4972236,137.2078313,165.4449563,180.5311514
105,primaryroot,4.4241172,9.4830191,14.1605486,16.8786666,18.7301623,23.721091,21.5027528,18.6143859,22.7772007,26.016923,27.302491,35.899307,35.265721,34.818356
105,sum_root,4.531660035,11.80104603,19.17769653,28.38079091,36.77600865,53.1146223,62.50951684,75.33173222,92.72602744,125.4903464,137.7997146,173.1071383,200.7106773,215.3495074
106,Lateralroot,0,0,0,0.289754706,0.67959224,0.72768584,1.39642386,1.49186673,1.944221136,1.831908,2.09723761,1.968242766,2.03383694,2.03383694
106,primaryroot,0.773759743,1.59711907,2.677778094,5.07933038,6.5046444,6.78238189,7.32267946,7.39080508,7.96820034,8.63909744,9.77023046,9.34404977,9.48022912,9.48022912
106,sum_root,0.773759743,1.59711907,2.677778094,5.369085086,7.18423664,7.51006773,8.71910332,8.88267181,9.912421476,10.47100544,11.86746807,11.31229254,11.51406606,11.51406606
116,Lateralroot,0,0,0,0.17099345,0.37366737,1.286566934,5.30232322,12.10552984,16.34189738,22.4169737,30.15446003,34.5244709,38.36420068,37.3216808
116,primaryroot,0,0.8910537,4.49700015,4.9250612,6.04078017,7.32149075,9.8228966,12.3505177,12.8339437,15.076723,16.32668836,15.86720224,16.3463247,15.2573896
116,sum_root,0,0.8910537,4.49700015,5.09605465,6.41444754,8.608057684,15.12521982,24.45604754,29.17584108,37.4936967,46.48114839,50.39167314,54.71052538,52.5790704
117,Lateralroot,0,0,0,0,0,0,0,0,0,0,0,0,0,0
117,primaryroot,1.07884338,1.07884338,1.70005825,2.8313968,3.1844968,3.1959841,3.2945972,3.0514697,3.1576268,3.1878445,3.1391869,3.250034,3.2747609,3.6199264
117,sum_root,1.07884338,1.07884338,1.70005825,2.8313968,3.1844968,3.1959841,3.2945972,3.0514697,3.1576268,3.1878445,3.1391869,3.250034,3.2747609,3.6199264
119,Lateralroot,0,0,0.11379972,0.39809494,0.350456179,1.267863215,0.772200154,2.176107529,4.130589893,7.941743351,13.30312374,21.70591106,25.87807401,25.87807401
119,primaryroot,0,1.02944204,2.6555069,4.78720089,4.72889539,5.87822,6.55912172,6.49117849,7.04893257,7.06949184,7.55327879,8.53437499,8.51883873,8.51883873
119,sum_root,0,1.02944204,2.76930662,5.18529583,5.079351569,7.146083215,7.331321874,8.667286019,11.17952246,15.01123519,20.85640253,30.24028605,34.39691274,34.39691274
120,Lateralroot,0,0,0,0,0,0,0,0,0,0,0,0,0,0
120,primaryroot,0.8176235,0.8176235,1.70302618,1.74805053,2.40519791,2.80514542,2.91463624,2.86310278,2.72142533,2.80817639,2.736462944,2.68189347,2.70293478,2.76777228
120,sum_root,0.8176235,0.8176235,1.70302618,1.74805053,2.40519791,2.80514542,2.91463624,2.86310278,2.72142533,2.80817639,2.736462944,2.68189347,2.70293478,2.76777228
123,Lateralroot,0,0,0,0,0,0,0,0,0,0,0,0,0,0
123,primaryroot,0,0,0.9863665,1.0116148,1.2104414,2.1073613,2.342571,2.7397134,3.8937848,4.07726,4.162927,4.1072965,4.146254,3.9551203
123,sum_root,0,0,0.9863665,1.0116148,1.2104414,2.1073613,2.342571,2.7397134,3.8937848,4.07726,4.162927,4.1072965,4.146254,3.9551203
126,Lateralroot,0,0,0,0,0,0.532828989,0.993133655,1.039976404,1.051179433,1.098553796,2.76242954,1.577975912,2.5189936,2.189414505
126,primaryroot,0.2416357,2.2318716,3.9208539,5.953433,6.0637755,6.028836,6.264625,6.3250685,6.2676024,6.439478,6.61205,6.5566616,6.2225466,6.564328
126,sum_root,0.2416357,2.2318716,3.9208539,5.953433,6.0637755,6.561664989,7.257758655,7.365044904,7.318781833,7.538031796,9.37447954,8.134637512,8.7415402,8.753742505
131,Lateralroot,0,0,1.259715,1.809010126,3.185742894,2.32822651,4.09144407,6.69955396,13.46217447,19.06319269,23.31778348,28.6756029,25.05914239,26.51377661
131,primaryroot,0.81031189,5.27235959,6.1086652,6.62573442,10.9048912,10.64482313,13.75351217,12.62395377,14.9768597,11.83302947,13.98429737,17.10562096,14.20861405,14.24518935
131,sum_root,0.81031189,5.27235959,7.3683802,8.434744546,14.09063409,12.97304964,17.84495624,19.32350773,28.43903417,30.89622216,37.30208085,45.78122386,39.26775644,40.75896596
131,Lateralroot,0,0,0,1.60530463,2.63340393,5.66621992,14.86603698,19.03422863,29.23460441,40.28334702,49.58752721,49.58752721,49.58752721,49.58752721
131,primaryroot,2.08152556,2.633537,5.1485253,10.78656877,15.16040424,18.8738263,23.904002,26.441358,26.475115,30.274115,31.800243,31.800243,31.800243,31.800243
131,sum_root,2.08152556,2.633537,5.1485253,12.3918734,17.79380817,24.54004622,38.77003898,45.47558663,55.70971941,70.55746202,81.38777021,81.38777021,81.38777021,81.38777021
145,Lateralroot,0,0,0.61277061,1.15666453,1.55560019,1.464812797,1.921672115,1.388687637,1.551459443,1.28079436,1.261430543,1.307715791,1.804567856,1.843067226
145,primaryroot,0.77694745,0.77694745,2.952937516,4.2652964,4.46144231,5.81996093,6.73759243,6.6493804,6.13948977,7.62707577,7.37709366,6.95463018,6.73669246,7.48332102
145,sum_root,0.77694745,0.77694745,3.565708126,5.42196093,6.0170425,7.284773727,8.659264545,8.038068037,7.690949213,8.90787013,8.638524203,8.262345971,8.541260316,9.326388246
146,Lateralroot,0,0,0,0,0,0,0,0,0,0,0,0,0,0
146,primaryroot,0,0.02943254,0.022327077,0.03212826,0.046395656,0.04690036,0.03964482,0.046523184,0.08925324,0.1167273,0.15453635,0.13846214,0.16051854,0.17447862
146,sum_root,0,0.02943254,0.022327077,0.03212826,0.046395656,0.04690036,0.03964482,0.046523184,0.08925324,0.1167273,0.15453635,0.13846214,0.16051854,0.17447862
150,Lateralroot,0,0,0,0,0,0,0,0,0,0,0,0,0,0
150,primaryroot,0,0,0,0,0,0.09293638,0.29426667,0.30302805,0.3275085,0.28590578,0.28590578,0.28590578,0.28590578,0.28590578
150,sum_root,0,0,0,0,0,0.09293638,0.29426667,0.30302805,0.3275085,0.28590578,0.28590578,0.28590578,0.28590578,0.28590578
157,Lateralroot,0,0,0,0,0,0.304887341,0.98400928,2.46961032,2.948451878,2.47134524,2.47134524,2.47134524,2.47134524,2.47134524
157,primaryroot,0.2471179,0.5004828,1.39131409,1.78513986,2.4786668,2.66412404,3.6279717,4.3923481,4.67678735,6.56898604,6.56898604,6.56898604,6.56898604,6.56898604
157,sum_root,0.2471179,0.5004828,1.39131409,1.78513986,2.4786668,2.969011381,4.61198098,6.86195842,7.625239228,9.04033128,9.04033128,9.04033128,9.04033128,9.04033128
160,Lateralroot,0,0,0,0,0.4552914,1.487204706,1.49570874,1.405213715,1.49149006,1.419298506,1.528483944,1.511357694,1.569032536,1.569032536
160,primaryroot,0.14748996,1.2671629,1.9538016,2.71183,5.1884456,6.422001,7.320471,7.737183,8.071147,8.212989,7.9780016,8.238449,8.196462,8.196462
160,sum_root,0.14748996,1.2671629,1.9538016,2.71183,5.643737,7.909205706,8.81617974,9.142396715,9.56263706,9.632287506,9.506485544,9.749806694,9.765494536,9.765494536
160,Lateralroot,0,0,0,0.13169022,0.11812154,0.184465435,0.20600853,0.221643698,0.38184099,0.317419802,0.32600656,0.338775138,0.282865698,0.282865698
160,primaryroot,0.57421005,2.14893076,3.4446183,6.2659197,7.9117714,9.2262161,9.7599065,10.1965386,10.985419,10.9835935,11.3252018,11.0953104,10.6492815,10.6492815
160,sum_root,0.57421005,2.14893076,3.4446183,6.39760992,8.02989294,9.410681535,9.96591503,10.4181823,11.36725999,11.3010133,11.65120836,11.43408554,10.9321472,10.9321472
160,Lateralroot,0,0,0,0,0.2512897,1.02984551,0.97193488,1.05869424,1.378467452,1.125227475,1.25219492,1.389487441,1.40621152,1.40621152
160,primaryroot,0.45144814,1.7357509,1.4622355,3.846256,4.617658,5.749653,6.4204264,7.120494,7.436153,8.149456,8.155195,8.267231,8.312747,8.312747
160,sum_root,0.45144814,1.7357509,1.4622355,3.846256,4.8689477,6.77949851,7.39236128,8.17918824,8.814620452,9.274683475,9.40738992,9.656718441,9.71895852,9.71895852
165,Lateralroot,0,0.117021985,0.18641413,0.51854493,0.59484434,0.68459556,1.73527135,2.239210584,4.5390818,4.428750728,4.470343895,4.450707845,4.93240883,5.344559426
165,primaryroot,0.293404877,2.12429882,2.33799247,4.26684743,8.17521934,7.64653014,8.8391977,11.01975292,10.4495983,13.50131966,13.5270896,13.869719,11.31537895,12.0282194
165,sum_root,0.293404877,2.241320805,2.5244066,4.78539236,8.77006368,8.3311257,10.57446905,13.2589635,14.9886801,17.93007039,17.9974335,18.32042685,16.24778778,17.37277883
165,Lateralroot,0,0,0.93198689,2.213051684,3.089513286,4.97483852,4.012727334,5.26045753,6.057415797,4.96426441,1.97912712,5.53861106,4.226619703,4.50135912
165,primaryroot,0.07321497,1.1025937,3.16239491,3.91735003,3.8941092,5.31415585,4.62705464,5.77045128,5.58055436,6.64239089,9.16160885,5.8665739,6.36945792,5.772476615
165,sum_root,0.07321497,1.1025937,4.0943818,6.130401714,6.983622486,10.28899437,8.639781974,11.03090881,11.63797016,11.6066553,11.14073597,11.40518496,10.59607762,10.27383574
165,Lateralroot,0,0.250579766,0.34691614,0.74593541,4.13777229,4.422960594,9.593547462,10.14624079,12.78393326,14.25963198,15.16849598,14.91499953,16.08139948,17.21465511
165,primaryroot,0.5428106,3.98389788,4.69455364,6.5783126,7.0969975,11.004306,11.758334,13.0154114,12.8304305,13.599832,13.542998,14.1246366,14.00166,13.3430264
165,sum_root,0.5428106,4.234477646,5.04146978,7.32424801,11.23476979,15.42726659,21.35188146,23.16165219,25.61436376,27.85946398,28.71149398,29.03963613,30.08305948,30.55768151
167,Lateralroot,0,0,0,0,0,0,0,0,0,0,0,0,0,0
167,primaryroot,0,0.1360795,0.20073007,0.20629512,0.20474228,0.23447499,0.24204592,0.24798365,0.24398267,0.24376817,0.2541848,0.2541848,0.2541848,0.2541848
167,sum_root,0,0.1360795,0.20073007,0.20629512,0.20474228,0.23447499,0.24204592,0.24798365,0.24398267,0.24376817,0.2541848,0.2541848,0.2541848,0.2541848
172,Lateralroot,0,0,0.66560737,1.286494507,1.342030945,1.252834398,5.3859692,11.71808162,27.95067898,29.21001199,36.39949802,41.85191791,42.02344775,42.02344775
172,primaryroot,0,0.28922507,5.5073537,6.3030644,7.0089583,7.9545934,10.7770133,11.6597678,14.0539186,16.4527515,18.6143458,18.791563,18.533976,18.533976
172,sum_root,0,0.28922507,6.17296107,7.589558907,8.350989245,9.207427798,16.1629825,23.37784942,42.00459758,45.66276349,55.01384382,60.64348091,60.55742375,60.55742375
176,Lateralroot,0.166921486,1.02511724,1.28322386,6.007086917,9.666694964,11.85849439,13.41031615,14.58818305,16.49595424,17.62956054,18.47494769,18.10266496,19.91393795,19.91393795
176,primaryroot,0.78780845,0.91414674,1.67436817,2.17638166,2.35914986,1.6091413,1.87619397,1.81192432,1.82529417,1.7959098,2.2430689,2.28956946,2.49082323,2.49082323
176,sum_root,0.954729936,1.93926398,2.95759203,8.183468577,12.02584482,13.46763569,15.28651012,16.40010737,18.32124841,19.42547034,20.71801659,20.39223442,22.40476118,22.40476118
176,Lateralroot,0,0,0,0.068127894,0.26898409,0.32574605,0.265562395,0.40917552,0.33634407,0.525272466,0.70842679,0.69531842,0.844980224,0.813693906
176,primaryroot,0,0.9853783,1.99612564,3.12228625,3.63481135,4.63373846,5.70478226,5.6498848,5.73995647,6.6290358,5.7072922,7.6810024,5.8097413,5.6228078
176,sum_root,0,0.9853783,1.99612564,3.190414144,3.90379544,4.95948451,5.970344655,6.05906032,6.07630054,7.154308266,6.41571899,8.37632082,6.654721524,6.436501706
178,Lateralroot,0,0,0,0,0.18960272,0.13789289,0.16256188,0.3141255,0.30468416,0.30825168,0.3316586,0.24677125,0.3450467,0.32801512
178,primaryroot,0.31144527,1.82381876,2.4734963,3.1032089,3.2282601,3.7670023,3.8424453,4.69845686,4.55004223,4.85199726,5.4731567,4.8330337,4.93085644,5.3107341
178,sum_root,0.31144527,1.82381876,2.4734963,3.1032089,3.41786282,3.90489519,4.00500718,5.01258236,4.85472639,5.16024894,5.8048153,5.07980495,5.27590314,5.63874922
186,Lateralroot,0,9.47114931,12.75434323,28.45757698,32.34587138,43.31254915,46.45209581,46.11260461,49.94178612,50.65,51.36041835,61.84398494,61.84398494,61.84398494
186,primaryroot,3.1260935,9.6910256,11.8522425,11.4718256,11.88673223,11.7408629,12.26990348,12.1608061,12.3962925,12.57,12.74174126,12.4573232,12.4573232,12.4573232
186,sum_root,3.1260935,19.16217491,24.60658573,39.92940258,44.23260361,55.05341205,58.72199929,58.27341071,62.33807862,0,64.10215961,74.30130814,74.30130814,74.30130814
187,Lateralroot,0,0,0,0.08326321,0.11206216,0.13702342,0.269770915,0.133816388,0.09411312,0.15264946,0.17168352,0.15114006,0.162890152,0.25994206
187,primaryroot,0,0,0.56916275,2.09300923,2.42451202,2.55793401,2.81648057,2.94224925,2.90383951,3.11809107,3.37599328,2.94519177,3.14694156,3.20251141
187,sum_root,0,0,0.56916275,2.17627244,2.53657418,2.69495743,3.086251485,3.076065638,2.99795263,3.27074053,3.5476768,3.09633183,3.309831712,3.46245347
189,Lateralroot,0,0,0,0,0.07245987,0.504116798,0.268322895,0.23313163,0.428136956,0.245984274,0.488630517,0.61333682,0.52229157,0.56713349
189,primaryroot,0,1.60362501,2.37702314,2.6875019,2.67411564,2.7338888,3.0443309,2.89139255,2.82936066,3.1907137,3.1642886,3.07351796,3.24262107,3.3133854
189,sum_root,0,1.60362501,2.37702314,2.6875019,2.74657551,3.238005598,3.312653795,3.12452418,3.257497616,3.436697974,3.652919117,3.68685478,3.76491264,3.88051889
189,Lateralroot,0,0,0,0.548366047,0.61908397,0.5668438,0.88909727,0.88710686,1.30227028,1.27813925,1.511776088,1.79432437,1.358752301,1.573412118
189,primaryroot,0,2.0665493,3.3711138,5.2387089,6.0870281,5.81424708,5.87816998,5.596644,6.04255324,5.246318696,5.857860404,6.24076613,6.31351728,6.262238703
189,sum_root,0,2.0665493,3.3711138,5.787074947,6.70611207,6.38109088,6.76726725,6.48375086,7.34482352,6.524457946,7.369636492,8.0350905,7.672269581,7.835650821
189,Lateralroot,0,0,0,0,0,0,0,0.37220255,2.23710182,2.87413342,5.20613272,5.4621569,5.01,4.5527329
189,primaryroot,0,0,1.28953212,2.29697072,3.43738666,3.8514939,4.40050087,5.34395096,5.20325405,5.28610067,4.70299123,4.98168446,5.72,6.4585803
189,sum_root,0,0,1.28953212,2.29697072,3.43738666,3.8514939,4.40050087,5.71615351,7.44035587,8.16023409,9.90912395,10.44384136,0,11.0113132
192,Lateralroot,0,0.16597708,4.33590253,24.57,44.80964039,52.45,60.09650842,64.5,68.89683706,66.60286534,88.46788928,120.95,153.43263,153.43263
192,primaryroot,4.32748916,5.03967101,15.125515,17.67,20.2089161,21.12,22.0334821,24.89,27.7388682,35.2479883,35.4049355,32.11,28.8179866,28.8179866
192,sum_root,4.32748916,5.20564809,19.46141753,0,65.01855649,0,82.12999052,0,96.63570526,101.8508536,123.8728248,0,182.2506166,182.2506166
192,Lateralroot,0,0,0,1.177642317,7.946518261,20.29561015,32.47659174,36.13425924,42.54197812,56.48601621,59.58073825,67.11697831,78.28097878,78.28097878
192,primaryroot,4.9045336,8.3289053,13.2904682,16.3774332,20.201953,22.2710166,24.416502,26.573785,29.8978605,35.2174227,33.840632,35.131424,43.69161032,43.69161032
192,sum_root,4.9045336,8.3289053,13.2904682,17.55507552,28.14847126,42.56662675,56.89309374,62.70804424,72.43983862,91.70343891,93.42137025,102.2484023,121.9725891,121.9725891
193,Lateralroot,0,0,0,0,0,0,0,0,0,0,0,0.10185902,0.1407739,0.3635153
193,primaryroot,0,0.84000766,3.1684257,3.1478458,3.54264763,3.54974205,4.11047777,4.2897067,4.03521934,4.1170153,4.2552288,4.5007444,4.26869557,4.6472788
193,sum_root,0,0.84000766,3.1684257,3.1478458,3.54264763,3.54974205,4.11047777,4.2897067,4.03521934,4.1170153,4.2552288,4.60260342,4.40946947,5.0107941
193,Lateralroot,0,0,0,0,0,0.121202087,1.69054956,1.477925022,1.57158355,1.691520196,1.578321308,1.82,2.071034089,2.071034089
193,primaryroot,0,4.4345601,5.37849356,5.46236794,5.4197749,6.53175172,5.9691843,6.70640617,6.76168219,6.816522034,7.36589997,7.06,6.74713703,6.74713703
193,sum_root,0,4.4345601,5.37849356,5.46236794,5.4197749,6.652953807,7.65973386,8.184331192,8.33326574,8.50804223,8.944221278,0,8.818171119,8.818171119
196,Lateralroot,0,0,0,0.329885307,1.216801948,1.32876385,2.809331946,6.29130795,10.52641429,17.96298223,21.68403188,28.78701747,38.5561254,54.86580409
196,primaryroot,0,0.38995885,2.588531,4.9651058,10.1936283,11.1093663,14.601296,16.511145,18.203707,19.72478,21.315038,23.116974,23.985079,25.844844
196,sum_root,0,0.38995885,2.588531,5.294991107,11.41043025,12.43813015,17.41062795,22.80245295,28.73012129,37.68776223,42.99906988,51.90399147,62.5412044,80.71064809
197,Lateralroot,0,0,0,0.13611136,0.12125142,0.567405345,1.227062322,4.957840706,9.910581679,12.25412406,11.84775189,19.10718625,28.24953103,28.80059266
197,primaryroot,0,2.8451678,4.111667,4.94788274,5.3795639,7.5896848,9.523946,9.93479617,10.6976014,11.2651924,10.9907085,10.8784596,11.2886532,11.7259346
197,sum_root,0,2.8451678,4.111667,5.0839941,5.50081532,8.157090145,10.75100832,14.89263688,20.60818308,23.51931646,22.83846039,29.98564585,39.53818423,40.52652726
197,Lateralroot,0,0,0,0,0.14530365,0.697226,3.15776898,10.30460314,15.61644364,19.14333276,18.8894243,25.35393262,29.51394562,34.18140385
197,primaryroot,0,0,2.19657239,4.51271985,5.9808716,8.30939238,10.95895977,12.37983741,13.10529095,13.08187186,12.24132983,13.11290069,12.98512993,13.2258987
197,sum_root,0,0,2.19657239,4.51271985,6.12617525,9.00661838,14.11672875,22.68444055,28.72173459,32.22520462,31.13075413,38.46683331,42.49907555,47.40730255
198,Lateralroot,0,0,0,0,0.19304016,0.645358047,1.082380655,1.042473916,1.127721405,1.264034834,1.20704174,1.381165586,1.15429334,0.87758959
198,primaryroot,0.43655446,0.9653353,1.39105779,1.59976054,1.70488844,3.0532613,2.6385657,2.9796773,2.9237666,2.8649984,2.9794239,2.9810583,3.482644,4.0181712
198,sum_root,0.43655446,0.9653353,1.39105779,1.59976054,1.8979286,3.698619347,3.720946355,4.022151216,4.051488005,4.129033234,4.18646564,4.362223886,4.63693734,4.89576079
199,Lateralroot,0,0,0,0,0,0,0,0,0,0,0,0,0,0
199,primaryroot,0,0,0,0,0,0.009456548,0.013114169,0.018964825,0.020465592,0.030961268,0.035606056,0.045413528,0.05339384,0.05339384
199,sum_root,0,0,0,0,0,0.009456548,0.013114169,0.018964825,0.020465592,0.030961268,0.035606056,0.045413528,0.05339384,0.05339384
206,Lateralroot,0,0,0,0.236729212,0.15648273,0.28633793,1.39960923,2.085556325,2.611776616,2.642454915,2.501529535,2.402416422,2.466622736,2.597224734
206,primaryroot,0,0.5589295,1.1586001,2.9978604,3.4503922,3.8835254,4.977221,6.066179,6.6540837,7.2730756,7.28588,7.02998,7.234232,7.1502223
206,sum_root,0,0.5589295,1.1586001,3.234589612,3.60687493,4.16986333,6.37683023,8.151735325,9.265860316,9.915530515,9.787409535,9.432396422,9.700854736,9.747447034
208,Lateralroot,0,0,0,0,0,0,0,0,0,0,0,0,0,0
208,primaryroot,0.89857027,2.81022305,4.8244827,6.2472492,7.5830193,9.27429456,11.5393928,13.1557049,14.6308645,16.2851227,17.267787,18.1423645,19.3684492,19.0711407
208,sum_root,0.89857027,2.81022305,4.8244827,6.2472492,7.5830193,9.27429456,11.5393928,13.1557049,14.6308645,16.2851227,17.267787,18.1423645,19.3684492,19.0711407
208,Lateralroot,0,0,0,0,0,0.12031121,1.10444621,3.06681664,6.914886832,8.4400889,10.98614906,13.26258145,14.07047022,17.10150354
208,primaryroot,2.84521876,3.69215853,3.66536808,5.16557903,7.65480162,8.59291923,8.27136251,9.6868327,10.8855438,10.92280354,12.15170543,12.28432244,12.54875062,13.30461708
208,sum_root,2.84521876,3.69215853,3.66536808,5.16557903,7.65480162,8.71323044,9.37580872,12.75364934,17.80043063,19.36289244,23.13785449,25.54690389,26.61922084,30.40612062
209,Lateralroot,0,0,0,0,0,0,0,0,0,0,0,0,0,0
209,primaryroot,0,0,0,0,1.24693952,1.00144892,1.26244289,1.15575844,1.08812586,1.0564616,0.235400086,1.21654341,1.1520902,0.9704218
209,sum_root,0,0,0,0,1.24693952,1.00144892,1.26244289,1.15575844,1.08812586,1.0564616,0.235400086,1.21654341,1.1520902,0.9704218
211,Lateralroot,0,0,0,0,0,0,0,0,0,0,0,0,0,0
211,primaryroot,0.283034988,0.273087217,2.23119937,2.32218349,2.72597338,2.55368089,2.62925479,2.58817449,2.73253608,2.523561664,2.77283852,2.74679452,3.09765315,3.27355273
211,sum_root,0.283034988,0.273087217,2.23119937,2.32218349,2.72597338,2.55368089,2.62925479,2.58817449,2.73253608,2.523561664,2.77283852,2.74679452,3.09765315,3.27355273
212,Lateralroot,0,0,0,1.370767671,0.995849206,1.578955025,1.641548245,2.717829657,3.049293159,3.123982785,3.653652158,4.927465909,6.9351154,10.8223397
212,primaryroot,0.17930636,4.81856917,6.3325903,9.1279636,12.8024674,16.47337956,16.55520118,16.7371009,18.451151,19.23474336,18.50255744,18.6972864,18.88861433,17.86754337
212,sum_root,0.17930636,4.81856917,6.3325903,10.49873127,13.79831661,18.05233459,18.19674943,19.45493056,21.50044416,22.35872615,22.1562096,23.62475231,25.82372973,28.68988307
216,Lateralroot,0,0,0,0,0.257157353,1.83954978,2.54207883,2.99712394,2.888042135,2.70447052,4.881750076,4.881750076,4.881750076,4.881750076
216,primaryroot,0.84908026,0.8070733,1.2496753,1.0109544,1.3920892,2.097188,3.3222504,4.436259,4.863089,5.569879,5.7638574,5.7638574,5.7638574,5.7638574
216,sum_root,0.84908026,0.8070733,1.2496753,1.0109544,1.649246553,3.93673778,5.86432923,7.43338294,7.751131135,8.27434952,10.64560748,10.64560748,10.64560748,10.64560748
216,Lateralroot,0,0,0,0,0.17185317,0.94462955,2.847719934,6.010369886,6.63621077,6.59302599,7.15365015,7.15365015,7.15365015,7.15365015
216,primaryroot,1.6133269,1.69617928,5.4591001,7.100632,7.8176442,8.8208122,10.1040397,11.3608253,12.0959004,14.0182293,15.2272795,15.2272795,15.2272795,15.2272795
216,sum_root,1.6133269,1.69617928,5.4591001,7.100632,7.98949737,9.76544175,12.95175963,17.37119519,18.73211117,20.61125529,22.38092965,22.38092965,22.38092965,22.38092965
221,Lateralroot,0,0,0,0,0,0,0,0,0,0,0,0,0,0
221,primaryroot,0,0.275816,0.4663844,1.182651647,1.163580357,1.24096573,1.204913556,1.279911965,1.28832315,1.270557171,1.369811603,1.42874799,1.50832562,1.58176022
221,sum_root,0,0.275816,0.4663844,1.182651647,1.163580357,1.24096573,1.204913556,1.279911965,1.28832315,1.270557171,1.369811603,1.42874799,1.50832562,1.58176022
226,Lateralroot,0,0,0,0,0,0,0,0,0,0,0,0,0,0
226,primaryroot,1.31007974,1.33854437,1.37730067,1.48031911,1.50877574,1.70386913,2.34606891,3.30658578,3.27798818,3.74058776,3.74058776,3.74058776,3.74058776,3.74058776
226,sum_root,1.31007974,1.33854437,1.37730067,1.48031911,1.50877574,1.70386913,2.34606891,3.30658578,3.27798818,3.74058776,3.74058776,3.74058776,3.74058776,3.74058776
227,Lateralroot,0,0,0,0,0,0,0,0,0,0,0,0,0,0
227,primaryroot,0,0,0,0,0,0,0.013149647,0.013852003,0.027436467,0.027091429,0.03419653,0.037128936,0.04263912,0.04263912
227,sum_root,0,0,0,0,0,0,0.013149647,0.013852003,0.027436467,0.027091429,0.03419653,0.037128936,0.04263912,0.04263912
231,Lateralroot,0,0,0,0,0,0,0,0,0,0,0,0,0,0
231,primaryroot,0.53728646,0.599998786,0.67879186,0.78212078,0.81834598,0.79787331,0.769664164,0.79380064,0.966211925,1.520039985,1.520039985,1.520039985,1.520039985,1.520039985
231,sum_root,0.53728646,0.599998786,0.67879186,0.78212078,0.81834598,0.79787331,0.769664164,0.79380064,0.966211925,1.520039985,1.520039985,1.520039985,1.520039985,1.520039985
231,Lateralroot,0,0,0,0,0,0,0,0,0,0,0,0,0,0
231,primaryroot,0.02550106,0.140068744,0.232324685,0.25419078,0.314068295,0.3335752,0.36102089,0.40548035,0.41671892,0.79525821,0.79525821,0.79525821,0.79525821,0.79525821
231,sum_root,0.02550106,0.140068744,0.232324685,0.25419078,0.314068295,0.3335752,0.36102089,0.40548035,0.41671892,0.79525821,0.79525821,0.79525821,0.79525821,0.79525821
239,Lateralroot,0,0,0.95605538,2.46289882,2.7085932,3.796867803,6.18643219,8.58192537,12.6857108,16.15742861,16.8570466,17.28640294,18.10539634,16.67005657
239,primaryroot,0,0.48936212,3.9222627,9.967035,16.59392,19.890926,20.220829,19.738092,19.975952,20.308115,18.255928,20.045435,20.291357,19.911695
239,sum_root,0,0.48936212,4.87831808,12.42993382,19.3025132,23.6877938,26.40726119,28.32001737,32.6616628,36.46554361,35.1129746,37.33183794,38.39675334,36.58175157
240,Lateralroot,0,0,1.44351723,4.06513567,8.175884133,13.21637793,21.15728621,27.50744354,39.79402582,46.01,52.2214899,59.31,66.40159406,75.75388674
240,primaryroot,0,0.91725045,3.1103945,5.5193343,8.618891,10.351424,12.546719,13.306547,14.56012,15.2,15.845944,16.03,16.217922,17.585245
240,sum_root,0,0.91725045,4.55391173,9.58446997,16.79477513,23.56780193,33.70400521,40.81399054,54.35414582,0,68.0674339,0,82.61951606,93.33913174
240,Lateralroot,0,4.75432921,6.66799035,8.5365582,11.32526566,18.33347763,25.53108087,33.6269914,34.02884884,35.27587608,37.93477713,39.54800493,41.31858891,41.04209849
240,primaryroot,2.1041222,7.8628158,8.899454,10.9619328,10.9854042,13.834794,14.9962388,15.476688,14.2071177,16.102744,15.6873279,16.708127,16.810382,15.7691614
240,sum_root,2.1041222,12.61714501,15.56744435,19.498491,22.31066986,32.16827163,40.52731967,49.1036794,48.23596654,51.37862008,53.62210503,56.25613193,58.12897091,56.81125989
242,Lateralroot,0,0,0,0,0,0,0,0,0,0,0,0,0,0
242,primaryroot,0,0,0,0,0,0.14367762,0.14111505,0.13525768,0.14268811,0.15093455,0.15222155,0.16242728,0.15730992,0.17254345
242,sum_root,0,0,0,0,0,0.14367762,0.14111505,0.13525768,0.14268811,0.15093455,0.15222155,0.16242728,0.15730992,0.17254345
244,Lateralroot,0,0,0,0,0,0,0,0,0,0,0,0,0,0
244,primaryroot,0.203511706,0.36811593,0.74,1.10471351,1.06672558,1.35677993,1.40670448,1.50425576,1.553131,1.54568602,1.67151685,1.77896823,1.81783824,1.91274397
244,sum_root,0.203511706,0.36811593,0,1.10471351,1.06672558,1.35677993,1.40670448,1.50425576,1.553131,1.54568602,1.67151685,1.77896823,1.81783824,1.91274397
244,Lateralroot,0,0,0,0,0,0,0,0,0,0,0,0,0,0
244,primaryroot,0.19056308,0.6275736,1.4994957,1.6245002,1.6424878,1.6519245,1.6585556,1.6994356,1.7100158,1.7456927,1.810384,1.8779498,1.8691547,1.8585739
244,sum_root,0.19056308,0.6275736,1.4994957,1.6245002,1.6424878,1.6519245,1.6585556,1.6994356,1.7100158,1.7456927,1.810384,1.8779498,1.8691547,1.8585739
245,Lateralroot,0,0,0,0,0,0,0,0,0,0,0,0,0,0
245,primaryroot,0.21362922,0.20330444,0.21521132,0.28119084,0.21674073,0.3667618,0.62,0.87272896,0.85523566,1.07619538,1.05273623,1.05688368,1.02140639,1.05688368
245,sum_root,0.21362922,0.20330444,0.21521132,0.28119084,0.21674073,0.3667618,0,0.87272896,0.85523566,1.07619538,1.05273623,1.05688368,1.02140639,1.05688368
246,Lateralroot,0,0.280288987,1.460548308,2.223894488,3.856207853,8.406207082,12.79676757,15.80513864,18.47941975,20.59264828,21.89249427,28.01380125,28.28174806,29.85435684
246,primaryroot,3.4359808,8.1934144,12.2874581,14.0937122,16.0119126,18.1263325,19.8171125,20.8166853,20.1973205,20.3704366,21.168963,21.9303691,21.0979026,21.72264007
246,sum_root,3.4359808,8.473703387,13.74800641,16.31760669,19.86812045,26.53253958,32.61388007,36.62182394,38.67674025,40.96308488,43.06145727,49.94417035,49.37965066,51.57699691
248,Lateralroot,0,0,1.485643043,5.33074376,8.108571424,10.86651085,17.84447436,16.61556181,18.97868075,21.47220459,22.62729655,21.45963336,24.25973324,24.25973324
248,primaryroot,0.73894939,4.87370184,7.7285682,12.352717,13.3524644,16.3224817,15.684043,20.2048696,20.6258727,21.3984405,20.4830497,19.55395,20.9400915,20.9400915
248,sum_root,0.73894939,4.87370184,9.214211243,17.68346076,21.46103582,27.18899255,33.52851736,36.82043141,39.60455345,42.87064509,43.11034625,41.01358336,45.19982474,45.19982474
248,Lateralroot,0,0,0,0,0,0.098163627,1.390973736,4.433390479,9.412753858,12.16995568,13.53850655,13.78366235,16.59764149,16.59764149
248,primaryroot,0,0.7641343,3.25511147,5.50217423,6.41838776,7.71334197,8.4279358,8.56072012,8.6929601,8.7822024,8.84735052,8.5545222,8.25493433,8.25493433
248,sum_root,0,0.7641343,3.25511147,5.50217423,6.41838776,7.811505597,9.818909536,12.9941106,18.10571396,20.95215808,22.38585707,22.33818455,24.85257582,24.85257582
255,Lateralroot,0,0,0.4487169,0.936030164,1.246527574,1.302730949,3.27375753,7.058076815,8.071955099,8.3709043,8.158352576,9.271652291,9.565385865,9.27294928
255,primaryroot,0,2.0499069,5.782276,8.8509745,11.6869175,14.0844941,17.355354,20.194684,21.085351,22.090782,21.851029,22.172169,22.9108,23.545044
255,sum_root,0,2.0499069,6.2309929,9.787004664,12.93344507,15.38722505,20.62911153,27.25276082,29.1573061,30.4616863,30.00938158,31.44382129,32.47618587,32.81799328
255,Lateralroot,0,0,0,0.957863573,4.04813946,5.125171543,6.310165765,8.189818083,11.31236464,14.142672,20.96705913,23.84284504,36.06752866,37.44486815
255,primaryroot,0,0.71819719,8.08530658,11.74119436,11.8060657,17.61508957,17.4806242,21.99774326,22.768146,24.8859075,26.2605794,27.18007422,32.95179383,33.85360736
255,sum_root,0,0.71819719,8.08530658,12.69905793,15.85420516,22.74026111,23.79078997,30.18756134,34.08051064,39.0285795,47.22763853,51.02291926,69.01932249,71.29847551
255,Lateralroot,0,0,0.59048438,0.477010885,0.947674151,1.236810337,3.51322354,4.747885645,7.014825557,9.004706942,12.80683212,14.05641623,26.21618056,26.21618056
255,primaryroot,0,0.7480385,4.9251628,10.22485634,15.0810245,18.66047344,24.9122741,29.64596013,35.91217494,34.15944128,36.4156502,37.38832265,41.3934635,41.3934635
255,sum_root,0,0.7480385,5.51564718,10.70186723,16.02869865,19.89728378,28.42549764,34.39384578,42.9270005,43.16414822,49.22248232,51.44473888,67.60964406,67.60964406
256,Lateralroot,0,0,0,0,0,0,0,0,0,0,0,0,0,0
256,primaryroot,0,0,0,4.08270978,4.27286496,4.2860292,4.33315505,4.34328464,4.3947136,4.4187658,4.4900225,4.3630319,4.37867194,5.4126501
256,sum_root,0,0,0,4.08270978,4.27286496,4.2860292,4.33315505,4.34328464,4.3947136,4.4187658,4.4900225,4.3630319,4.37867194,5.4126501
273,Lateralroot,0,0,0.282163902,1.512850227,1.519780796,1.47741797,1.43662643,1.35139605,1.56151272,1.72778698,1.7860464,1.395298893,1.79771649,1.79771649
273,primaryroot,0,3.299944,5.9959254,8.537728,8.510802,8.58266,8.767931,8.818297,8.848068,8.813499,8.772282,9.241119,9.032849,9.032849
273,sum_root,0,3.299944,6.278089302,10.05057823,10.0305828,10.06007797,10.20455743,10.16969305,10.40958072,10.54128598,10.5583284,10.63641789,10.83056549,10.83056549
282,Lateralroot,0,0,0,2.20449589,3.127705151,4.66963817,9.466512547,13.60961507,22.27508011,27.77,33.27281673,44.5830464,69.08,93.57912959
282,primaryroot,0,0.68162185,4.64984773,5.8423775,9.1942304,13.536477,19.8725984,29.8513671,36.98448263,36.92,36.84963809,36.64589992,39.33,42.0143225
282,sum_root,0,0.68162185,4.64984773,8.04687339,12.32193555,18.20611517,29.33911095,43.46098217,59.25956274,0,70.12245481,81.22894632,0,135.5934521
282,Lateralroot,0,0,0.13011925,0.85530266,2.27758043,3.51960044,6.128163024,9.914617185,20.59127175,32.48114309,52.7517884,54.29661436,65.58,76.86556071
282,primaryroot,0,0.36713321,6.6845372,10.1455936,13.5864578,22.73620744,28.9520406,34.98057305,41.72676076,42.38642441,38.1867163,45.82040303,45.72,45.62309202
282,sum_root,0,0.36713321,6.81465645,11.00089626,15.86403823,26.25580788,35.08020362,44.89519024,62.31803251,74.8675675,90.9385047,100.1170174,0,122.4886527
284,Lateralroot,0,0,0,0,0,0,0.11131874,0.0950529,0.06557037,0.06904521,0.151253134,0.066036686,0,0.16653195
284,primaryroot,0,0.15283133,1.9901032,3.2740014,3.2674823,3.2932935,2.749838,3.0209575,3.18119,3.140383,3.5266232,2.2195773,3.1874135,2.9765468
284,sum_root,0,0.15283133,1.9901032,3.2740014,3.2674823,3.2932935,2.86115674,3.1160104,3.24676037,3.20942821,3.677876334,2.285613986,3.1874135,3.14307875
290,Lateralroot,0,0,0,0.060958505,2.31291421,8.64562123,15.1000747,19.32317396,22.60359546,22.47489995,27.96909205,28.38533287,28.1409383,28.1409383
290,primaryroot,0,0.392528844,2.56,4.7180087,6.6173243,7.5504378,10.0218331,11.2750912,12.1058882,11.4302168,12.5114163,12.448229,12.3350603,12.3350603
290,sum_root,0,0.392528844,0,4.778967205,8.93023851,16.19605903,25.1219078,30.59826516,34.70948366,33.90511675,40.48050835,40.83356187,40.4759986,40.4759986
290,Lateralroot,0,0,0.12263839,0.4467337,2.92299073,6.79746182,14.869755,14.27429812,14.94184929,21.09981422,39.20776168,51.23028458,57.14346474,43.18269561
290,primaryroot,0.306049145,0.879096956,3.85217699,6.02673679,7.47425435,8.49950225,9.41574784,19.69381567,16.83449106,24.73061496,20.785105,23.584976,21.908306,35.66121052
290,sum_root,0.306049145,0.879096956,3.97481538,6.47347049,10.39724508,15.29696407,24.28550284,33.96811379,31.77634035,45.83042918,59.99286668,74.81526058,79.05177074,78.84390613
301,Lateralroot,0,0,0.053230383,0.09870976,0.137609603,0.059969211,0.595873576,0.978247584,1.267327731,1.077071476,1.629452546,1.822290546,1.998054141,2.698304013
301,primaryroot,0,0.51177114,1.120069,1.7322062,3.5228813,5.2628427,8.297852,9.439574,10.989152,10.910186,13.393599,13.49156,14.341822,14.919107
301,sum_root,0,0.51177114,1.173299383,1.83091596,3.660490903,5.322811911,8.893725576,10.41782158,12.25647973,11.98725748,15.02305155,15.31385055,16.33987614,17.61741101
305,Lateralroot,0,0,0,0,0,0,0,0,0,0,0,0,0,0
305,primaryroot,0,0,0,0,0,0.5235482,0.7118282,0.71633136,0.73975706,0.75730306,0.78230023,0.79258853,0.85138273,0.86264001
305,sum_root,0,0,0,0,0,0.5235482,0.7118282,0.71633136,0.73975706,0.75730306,0.78230023,0.79258853,0.85138273,0.86264001
305,Lateralroot,0,0,0,0,0,0,0,0,0,0,0,0,0,0
305,primaryroot,0.28230828,0.6716499,0.7051273,0.7330948,0.7438309,0.75005233,0.75872856,0.77034646,0.7955148,0.8196081,0.86907727,1.0362517,1.0515893,1.0806241
305,sum_root,0.28230828,0.6716499,0.7051273,0.7330948,0.7438309,0.75005233,0.75872856,0.77034646,0.7955148,0.8196081,0.86907727,1.0362517,1.0515893,1.0806241
315,Lateralroot,0,0,0,0,0,0,0,0,0,0,0,0,0,0
315,primaryroot,1.91170506,2.4053126,2.363309017,2.395848897,2.40435127,2.44582215,2.488511543,2.53154325,2.5463878,2.70905157,2.70905157,2.70905157,2.70905157,2.70905157
315,sum_root,1.91170506,2.4053126,2.363309017,2.395848897,2.40435127,2.44582215,2.488511543,2.53154325,2.5463878,2.70905157,2.70905157,2.70905157,2.70905157,2.70905157
315,Lateralroot,0,0,0,0,0,0,0,0,0,0,0,0,0,0
315,primaryroot,0.53407903,0.562310675,0.78635058,0.63145312,0.8061257,0.85219593,0.94603358,1.05793109,1.1,1.13899576,1.13899576,1.13899576,1.13899576,1.13899576
315,sum_root,0.53407903,0.562310675,0.78635058,0.63145312,0.8061257,0.85219593,0.94603358,1.05793109,0,1.13899576,1.13899576,1.13899576,1.13899576,1.13899576
323,Lateralroot,0,0,0,0.68825915,2.422290265,3.30739205,3.55078495,3.65952149,3.465952135,4.38989291,3.121741772,5.509203793,3.566969447,4.338066336
323,primaryroot,0,2.3576929,6.9280778,11.2958114,16.059902,17.7102339,17.9050749,18.447054,18.6045044,17.9809251,18.1745469,17.2458546,18.8247768,16.2054848
323,sum_root,0,2.3576929,6.9280778,11.98407055,18.48219227,21.01762595,21.45585985,22.10657549,22.07045654,22.37081801,21.29628867,22.75505839,22.39174625,20.54355114
331,Lateralroot,0,0,1.828303199,16.4902036,23.57715812,43.41806915,50.04700575,61.59512492,66.69035496,75.03143023,94.28,113.5379037,119.69,125.8345365
331,primaryroot,0.85268675,9.21744117,16.290574,20.62421884,27.18111745,25.60540725,28.4977674,32.79116066,31.90442727,33.0261258,33.55,34.0668318,34.25,34.43255909
331,sum_root,0.85268675,9.21744117,18.1188772,37.11442244,50.75827557,69.0234764,78.54477315,94.38628558,98.59478223,108.057556,0,147.6047355,0,160.2670956
331,Lateralroot,0,0,0.852010585,4.75252446,6.273936846,9.006356542,13.17221753,24.18940793,41.08882204,58.68353518,81.71205976,95.01,108.3066857,119.5507636
331,primaryroot,0,1.7880937,8.7873196,12.676702,14.0535934,15.4702752,16.3788984,18.5814942,19.7986294,19.6396544,18.9969486,19.57,20.1429914,24.1756278
331,sum_root,0,1.7880937,9.639330185,17.42922646,20.32753025,24.47663174,29.55111593,42.77090213,60.88745144,78.32318958,100.7090084,0,128.4496771,143.7263914
340,Lateralroot,0,0,0,0.12058082,0,0.87108232,2.27279616,1.76145122,3.4711481,11.19,18.91577406,26.86189118,29.45,32.04663259
340,primaryroot,0.67532623,2.33810426,4.0918388,5.30019403,7.13871785,9.51947264,10.66340442,13.28921432,14.25099603,14.06,13.87324623,15.71578988,14.96,14.20770775
340,sum_root,0.67532623,2.33810426,4.0918388,5.42077485,7.13871785,10.39055496,12.93620058,15.05066554,17.72214413,0,32.78902029,42.57768106,0,46.25434034
340,Lateralroot,0,0,0,0,0,0,0.691205086,0.647316834,0.798628069,6.09190668,8.450349467,9.619693205,10.64420849,12.2519127
340,primaryroot,0.19996566,4.6578282,5.36167826,5.59855745,7.14018107,8.7433878,10.1524547,12.1235948,13.8380153,14.0284994,14.492308,13.86966406,14.3205597,13.59568397
340,sum_root,0.19996566,4.6578282,5.36167826,5.59855745,7.14018107,8.7433878,10.84365979,12.77091163,14.63664337,20.12040608,22.94265747,23.48935727,24.96476819,25.84759667
340,Lateralroot,0,0,0.058926184,0,0.442069564,0.438845538,0.609362893,1.8076848,6.109436592,15.17027485,19.1222825,27.53238466,30.27798991,36.4938272
340,primaryroot,0,2.9013379,6.63087436,8.52208707,10.1940093,14.24370504,17.04453986,19.89347141,21.54829807,25.25368256,25.26589947,26.6466354,25.2459934,27.36918548
340,sum_root,0,2.9013379,6.689800544,8.52208707,10.63607886,14.68255058,17.65390275,21.70115621,27.65773466,40.42395741,44.38818197,54.17902006,55.52398331,63.86301268
349,Lateralroot,0,0,0.90281445,5.491453375,11.16179825,22.64782036,28.69878863,29.22866668,37.3586655,42.10207323,46.44749906,49.35,52.24347049,54.7276458
349,primaryroot,0,0.93720585,5.5984145,9.7064445,13.1040187,13.8994035,13.4500754,13.0854093,14.226942,10.63435147,9.592723,9.41,9.229424,9.562359
349,sum_root,0,0.93720585,6.50122895,15.19789788,24.26581695,36.54722386,42.14886403,42.31407598,51.5856075,52.7364247,56.04022206,0,61.47289449,64.2900048
351,Lateralroot,0,0,0,0.040437352,0.48761134,1.072583976,2.012806465,2.741323932,2.917634385,5.41598077,10.95171076,16.0469211,22.54961104,26.90560939
351,primaryroot,1.6695306,2.9483683,4.1922894,5.987225,7.4757953,8.856002,9.6135435,10.62736,11.645304,11.603734,11.776189,11.827425,12.180397,11.823496
351,sum_root,1.6695306,2.9483683,4.1922894,6.027662352,7.96340664,9.928585976,11.62634997,13.36868393,14.56293839,17.01971477,22.72789976,27.8743461,34.73000804,38.72910539
351,Lateralroot,0,0,0,0,0,0.266721085,2.10127753,5.06742354,7.75334546,7.95991003,7.8156569,7.36826222,7.98555887,8.54333377
351,primaryroot,0,2.5480235,5.362226,7.0043344,8.153868,10.35953,11.8669195,14.858855,14.75298,15.684115,16.4492,18.16507,18.29438,20.344736
351,sum_root,0,2.5480235,5.362226,7.0043344,8.153868,10.62625109,13.96819703,19.92627854,22.50632546,23.64402503,24.2648569,25.53333222,26.27993887,28.88806977
357,Lateralroot,0,0,0,0,0,0,0,0,0,0,0,0,0,0
357,primaryroot,0,0.47877395,0.75291234,0.796478,0.8575208,0.9048029,0.78819937,0.79094785,0.7777165,0.97960055,0.72866267,0.7045398,0.6794723,0.7311084
357,sum_root,0,0.47877395,0.75291234,0.796478,0.8575208,0.9048029,0.78819937,0.79094785,0.7777165,0.97960055,0.72866267,0.7045398,0.6794723,0.7311084
365,Lateralroot,0,0,0.7153902,1.268769218,2.09178301,2.100384548,2.69769066,5.91020697,14.20968311,23.68583462,30.73314231,39.26985336,45.63723922,50.8645565
365,primaryroot,1.52719871,3.57083328,3.12755813,5.20242519,6.25798434,7.41475039,10.01130096,14.74540829,14.59815822,14.99116659,18.61310877,22.11418777,25.47508286,27.67433331
365,sum_root,1.52719871,3.57083328,3.84294833,6.471194408,8.34976735,9.515134938,12.70899162,20.65561526,28.80784133,38.67700121,49.34625108,61.38404113,71.11232208,78.53888981
386,Lateralroot,0,0.1753674,0.11899722,0.17954674,0.241874,0.312407446,1.626176934,2.05808222,3.097682978,4.495793058,5.28896577,5.056880815,5.464204357,5.98150212
386,primaryroot,1.56598539,4.290358,5.07930088,8.20498277,7.91825956,8.11785407,8.24008435,9.5515548,10.60647483,11.67946073,11.33520872,11.56533195,11.8842851,11.68205721
386,sum_root,1.56598539,4.4657254,5.1982981,8.38452951,8.16013356,8.430261516,9.866261284,11.60963702,13.70415781,16.17525379,16.62417449,16.62221277,17.34848946,17.66355933
386,Lateralroot,0,0,0,1.000984108,2.743299659,3.84267417,8.05202342,10.60420514,14.72701006,26.83931289,24.23988388,28.96594759,23.66418248,28.87987311
386,primaryroot,1.34307179,3.6296348,5.63941287,7.22557786,9.39071305,11.84306602,13.59793794,15.95528555,17.85701971,23.59809263,20.96541387,21.84094846,22.73147216,24.32297091
386,sum_root,1.34307179,3.6296348,5.63941287,8.226561968,12.13401271,15.68574019,21.64996136,26.55949069,32.58402977,50.43740552,45.20529775,50.80689605,46.39565464,53.20284402
434,Lateralroot,0,0.11371329,2.97557541,3.73010725,14.80654496,21.51368401,30.20257763,43.77094806,63.36255195,76.38539072,87.5330803,105.3108925,162.4740826,182.2378526
434,primaryroot,0.9012821,6.0116765,12.5661313,14.0863265,17.3331063,18.3428703,19.9330463,20.924925,21.8510266,23.8798098,24.077158,22.8931796,24.7763998,25.7940111
434,sum_root,0.9012821,6.12538979,15.54170671,17.81643375,32.13965126,39.85655431,50.13562393,64.69587306,85.21357855,100.2652005,111.6102383,128.2040721,187.2504824,208.0318637
434,Lateralroot,0,0,0,0.21756316,0.547950248,2.899535538,5.10325669,9.178123246,19.59877812,36.15755714,44.8534962,47.04109424,47.68093067,59.07931291
434,primaryroot,0,1.6423819,3.07384015,4.2699685,7.4804127,9.6316325,11.1882062,13.336109,15.1340327,15.125144,16.0142727,17.649484,21.7006172,21.266921
434,sum_root,0,1.6423819,3.07384015,4.48753166,8.028362948,12.53116804,16.29146289,22.51423225,34.73281082,51.28270114,60.8677689,64.69057824,69.38154787,80.34623391
434,Lateralroot,0,0,0,2.62123291,4.30698282,12.06485184,14.38352782,23.37465161,38.7073674,50.16,61.62043558,57.7182771,84.1,110.4729649
434,primaryroot,0,2.5762206,6.33,10.0858345,11.797199,13.6248036,22.1134997,24.2831648,25.4279529,24.74,24.04700465,19.74541267,21.45,23.16403304
434,sum_root,0,2.5762206,0,12.70706741,16.10418182,25.68965544,36.49702752,47.65781641,64.1353203,0,85.66744023,77.46368977,0,133.6369979
443,Lateralroot,0,0,0,0,0.700776521,1.461407908,2.423788631,6.028348464,9.801897101,8.261474971,11.63967632,17.22244524,16.78688543,17.55370264
443,primaryroot,0,2.1093121,2.9391017,2.657631,3.0058053,3.3438906,3.1109414,3.6341281,4.0368442,4.1913388,4.9240069,6.9099669,7.4129563,7.168216
443,sum_root,0,2.1093121,2.9391017,2.657631,3.706581821,4.805298508,5.534730031,9.662476564,13.8387413,12.45281377,16.56368322,24.13241214,24.19984173,24.72191864
446,Lateralroot,0,1.01817232,5.019692368,11.60764703,17.27838527,30.12265854,59.69568775,54.7662045,89.52582687,98.51071246,138.3354453,150.2541806,161.8069885,173.7848985
446,primaryroot,4.1028065,12.9353232,17.1148449,21.9196695,26.5413094,30.6829182,24.6796565,26.3230668,38.90248,44.6574735,48.328295,52.997659,51.11056847,54.13129405
446,sum_root,4.1028065,13.95349552,22.13453727,33.52731653,43.81969467,60.80557674,84.37534425,81.0892713,128.4283069,143.168186,186.6637403,203.2518396,212.9175569,227.9161926
446,Lateralroot,0,0,0.92417085,3.075795044,13.4321406,21.96744209,39.44358542,49.06232745,29.21455593,45.41804512,56.70965588,65.18782224,67.703897,67.703897
446,primaryroot,1.06012773,2.5504585,4.9544337,6.2373094,2.8967363,5.2806606,8.720531,9.6506657,14.9623046,17.5588804,17.5626955,18.3364255,18.7398653,18.7398653
446,sum_root,1.06012773,2.5504585,5.87860455,9.313104444,16.3288769,27.24810269,48.16411642,58.71299315,44.17686053,62.97692552,74.27235138,83.52424774,86.4437623,86.4437623
448,Lateralroot,0,0,0,0,0,0,0,0,0,0,0,0,0,0
448,primaryroot,0,0.93191181,1.9837965,3.39771257,3.42730385,3.515505,3.5897541,3.6380928,3.6930471,3.73003284,3.75070276,3.77860023,3.77628005,3.8321193
448,sum_root,0,0.93191181,1.9837965,3.39771257,3.42730385,3.515505,3.5897541,3.6380928,3.6930471,3.73003284,3.75070276,3.77860023,3.77628005,3.8321193
452,Lateralroot,0,0.20277068,1.524716379,2.259695457,3.899953484,1.738769017,7.883202815,9.821317926,14.62482645,22.67747164,23.17608208,25.39697047,25.8406437,32.12767408
452,primaryroot,0.07950842,2.86137065,6.8957687,10.44974582,13.7128504,21.42553187,18.4400787,20.10323217,20.4750581,22.2220326,26.5208446,24.65933329,25.34649947,28.10822166
452,sum_root,0.07950842,3.06414133,8.420485079,12.70944128,17.61280388,23.16430089,26.32328152,29.9245501,35.09988455,44.89950424,49.69692668,50.05630376,51.18714317,60.23589574
453,Lateralroot,0,0,0,0,0,0,0,0,0.35235226,0.35235226,0.98398767,0.98398767,1.49313628,1.49313628
453,primaryroot,0,0,0,0.18755716,0.9693361,1.6,2.2342269,2.2342269,3.55329348,3.55329348,5.69230962,5.69230962,6.97173863,6.97173863
453,sum_root,0,0,0,0.18755716,0.9693361,0,2.2342269,2.2342269,3.90564574,3.90564574,6.67629729,6.67629729,8.46487491,8.46487491
475,Lateralroot,0,0,0,0.941406577,1.09176568,2.534351444,2.53718772,4.44027135,10.36566326,15.72438613,22.13704564,25.31198378,30.47818206,30.27857806
475,primaryroot,0,2.48029017,3.6103483,3.36613864,4.9495254,5.27649557,7.1050092,8.0119611,7.2058271,7.9463266,7.25245226,7.5158188,15.21901,26.76724619
475,sum_root,0,2.48029017,3.6103483,4.307545217,6.04129108,7.810847014,9.64219692,12.45223245,17.57149036,23.67071273,29.3894979,32.82780258,45.69719206,57.04582425
475,Lateralroot,0,0,0.280883526,0.58041313,0.366983071,0.91339739,0.307329142,2.173218179,3.770715766,7.201156961,11.59954895,24.51461333,27.58725006,29.48948839
475,primaryroot,0.06000965,0.8591351,2.0003213,4.4647262,5.422159,7.1198687,8.4618985,9.6002171,9.7101166,9.9391722,10.8968392,16.2326473,10.9833678,11.199318
475,sum_root,0.06000965,0.8591351,2.281204826,5.04513933,5.789142071,8.03326609,8.769227642,11.77343528,13.48083237,17.14032916,22.49638815,40.74726063,38.57061786,40.68880639
477,Lateralroot,0,0,0,0.153404297,2,3.855067904,9.19615571,15.49568521,22.22291902,24.18,26.14690955,23.56,20.98278674,20.98278674
477,primaryroot,0,1.70232163,8.41696565,7.8749236,12.42694044,15.10895829,15.89445232,15.67065658,16.21892633,20.06,23.8947186,27.46,31.0161024,31.0161024
477,sum_root,0,1.70232163,8.41696565,8.028327897,12.42694044,18.96402619,25.09060803,31.16634179,38.44184535,0,50.04162815,0,51.99888914,51.99888914
477,Lateralroot,0,0,0.7697725,0,2.53235624,5.916090388,6.777221779,5.27942627,9.85603891,12.08982359,11.82,11.54525689,15.88278095,15.88278095
477,primaryroot,0.20721813,3.2327002,5.95762314,8.32828427,9.24551929,8.91353792,9.39705457,11.9761715,13.45712473,12.57036954,14.81,17.05269093,18.68616142,18.68616142
477,sum_root,0.20721813,3.2327002,6.72739564,8.32828427,11.77787553,14.82962831,16.17427635,17.25559777,23.31316364,24.66019313,0,28.59794782,34.56894237,34.56894237
492,Lateralroot,0,0,0,0,0.64056945,1.5306653,2.83211633,4.489448116,6.878635476,9.89997717,15.00832249,24.27779932,30.85953362,34.94595159
492,primaryroot,5.20378205,4.7935879,3.928147,6.14707093,10.02682466,12.0415316,15.75098793,19.82233725,22.23344713,28.12517506,29.32553147,35.2746309,37.09076597,37.67960672
492,sum_root,5.20378205,4.7935879,3.928147,6.14707093,10.66739411,13.5721969,18.58310426,24.31178537,29.11208261,38.02515223,44.33385396,59.55243022,67.95029959,72.62555831
499,Lateralroot,0,0,0,0,0,0,0,0,0,0,0,0,0,0
499,primaryroot,2.94196292,3.33705297,3.55983346,3.74049336,4.73417471,5.98372085,7.38760515,8.12474272,8.27948814,8.70251559,8.70251559,8.70251559,8.70251559,8.70251559
499,sum_root,2.94196292,3.33705297,3.55983346,3.74049336,4.73417471,5.98372085,7.38760515,8.12474272,8.27948814,8.70251559,8.70251559,8.70251559,8.70251559,8.70251559
499,Lateralroot,0,0,0,0,0,0,0,0,0,0,0,0,0,0
499,primaryroot,1.42514314,2.59463914,2.634603,2.63122656,2.52523772,2.77189854,2.70234907,3.27066558,3.20970094,3.3075291,3.3075291,3.3075291,3.3075291,3.3075291
499,sum_root,1.42514314,2.59463914,2.634603,2.63122656,2.52523772,2.77189854,2.70234907,3.27066558,3.20970094,3.3075291,3.3075291,3.3075291,3.3075291,3.3075291
505,Lateralroot,0,0,0,0,0.47962233,0.20480958,0.121810556,0.042637702,0.22810083,0.26944802,0.831506226,0.76772112,0.88364195,0.878410898
505,primaryroot,0,0.17535327,0.94580073,1.559776376,2.25333048,2.51803787,2.67495274,2.70118855,3.13352463,3.0833811,3.0851207,3.02395426,3.10141017,3.05718542
505,sum_root,0,0.17535327,0.94580073,1.559776376,2.73295281,2.72284745,2.796763296,2.743826252,3.36162546,3.35282912,3.916626926,3.79167538,3.98505212,3.935596318
622,Lateralroot,0,0,0,0,0,0,0,0,0,0,0,0,0,0
622,primaryroot,2.18042885,2.42425754,3.39716664,3.42698056,3.6036938,3.47338717,3.6120129,3.51245354,3.3356935,3.6236468,3.35897555,3.59390884,3.4952222,3.67751547
622,sum_root,2.18042885,2.42425754,3.39716664,3.42698056,3.6036938,3.47338717,3.6120129,3.51245354,3.3356935,3.6236468,3.35897555,3.59390884,3.4952222,3.67751547
625,Lateralroot,0,0,0,0,0,0,0,0,0,0,0,0,0,0
625,primaryroot,0.238281891,2.719183,2.7737959,2.7793626,2.7900437,2.8176156,2.8240614,2.8329212,2.8408754,2.8476804,2.8381265,2.8523494,2.8430651,2.8552126
625,sum_root,0.238281891,2.719183,2.7737959,2.7793626,2.7900437,2.8176156,2.8240614,2.8329212,2.8408754,2.8476804,2.8381265,2.8523494,2.8430651,2.8552126
650,Lateralroot,0,0,0.31544378,1.12692493,3.23563583,12.04973542,18.15362193,31.97529111,3.602797486,51.73310153,56.33240098,67.96,79.59201044,79.59201044
650,primaryroot,0,1.2446611,5.4881333,6.9445125,9.83747066,11.3379738,13.0128377,11.54461615,1.053313853,12.5829449,15.5491845,20.58,25.613488,25.613488
650,sum_root,0,1.2446611,5.80357708,8.07143743,13.07310649,23.38770922,31.16645963,43.51990726,4.656111339,64.31604643,71.88158548,0,105.2054984,105.2054984
650,Lateralroot,0,0,1.3619652,1.97539478,2.055006481,8.85867474,12.40854852,19.97914122,27.87173502,43.99458538,69.07700069,64.43517459,76.03704487,89.22892876
650,primaryroot,0.29387236,2.39992672,6.01479588,8.1009688,10.42949875,12.0472453,12.74376988,11.77431323,12.9711721,16.2233729,13.084798,14.11220684,11.746332,17.9652459
650,sum_root,0.29387236,2.39992672,7.37676108,10.07636358,12.48450523,20.90592004,25.1523184,31.75345445,40.84290712,60.21795828,82.16179869,78.54738143,87.78337687,107.1941747
659,Lateralroot,0,0,0,0,0,0,0,0,0,0,0,0,0,0
659,primaryroot,0,0.4742104,0.6062019,0.7360265,0.8233212,0.81556857,0.8451992,0.8780598,0.82704103,0.84610564,0.81059045,0.81,0.8098078,0.8098078
659,sum_root,0,0.4742104,0.6062019,0.7360265,0.8233212,0.81556857,0.8451992,0.8780598,0.82704103,0.84610564,0.81059045,0,0.8098078,0.8098078
673,Lateralroot,0,0,0,0,0,0,0,0,0,0,0,0,0,0
673,primaryroot,0.14433596,0.55980194,0.5320412,0.543505,0.5630009,0.5346086,0.51057184,0.49959993,0.5,0.5095716,0.50554526,0.5236644,0.50956386,0.62336004
673,sum_root,0.14433596,0.55980194,0.5320412,0.543505,0.5630009,0.5346086,0.51057184,0.49959993,0,0.5095716,0.50554526,0.5236644,0.50956386,0.62336004
677,Lateralroot,0,0,0,0,0,1.53183826,2.75409503,4.4621543,5.2380882,5.0186182,5.2664534,5.390096,5.2901161,5.4237879
677,primaryroot,0.09689633,1.0945687,2.8596466,3.8123458,5.1991391,5.5212199,5.3993412,6.2787987,6.7221909,6.8286937,6.4526042,6.8775458,6.5136366,6.571692
677,sum_root,0.09689633,1.0945687,2.8596466,3.8123458,5.1991391,7.05305816,8.15343623,10.740953,11.9602791,11.8473119,11.7190576,12.2676418,11.8037527,11.9954799
679,Lateralroot,0,0,0,0.491271821,0.88232342,0.67563588,2.550786588,3.50476785,4.847594555,5.18195362,5.746585595,5.611134852,5.289352137,5.289352137
679,primaryroot,0,4.3537139,8.566532,13.808994,17.8766342,19.515956,20.654741,19.311738,21.327357,22.837285,25.400177,26.272208,26.0755,26.0755
679,sum_root,0,4.3537139,8.566532,14.30026582,18.75895762,20.19159188,23.20552759,22.81650585,26.17495156,28.01923862,31.1467626,31.88334285,31.36485214,31.36485214
688,Lateralroot,0,0,0,0,0,0,0,0,0,0,0,0,0,0
688,primaryroot,0.57467365,1.11966011,1.25444565,2.52312506,3.30970433,3.36627116,3.9115155,3.91239384,3.81973674,3.98901663,4.1189831,4.12557284,4.2664355,4.42509755
688,sum_root,0.57467365,1.11966011,1.25444565,2.52312506,3.30970433,3.36627116,3.9115155,3.91239384,3.81973674,3.98901663,4.1189831,4.12557284,4.2664355,4.42509755
692,Lateralroot,0,0,0,0,0,0,0,0,0,0,0,0,0,0
692,primaryroot,0,0.09656969,0.056022696,0.098470785,0.095222965,0.080085665,0.06942994,0.08,0.08323692,0.08849731,0.09872827,0.06108663,0.06108663,0.06108663
692,sum_root,0,0.09656969,0.056022696,0.098470785,0.095222965,0.080085665,0.06942994,0,0.08323692,0.08849731,0.09872827,0.06108663,0.06108663,0.06108663
701,Lateralroot,0,0,0,0,0,0.062701344,0.13522068,0.112582736,0.12082492,0.15107442,0.10098127,0.1417544,0.12048307,0.13905302
701,primaryroot,0,0,0,0.6089838,0.87847155,1.1848773,1.1391842,1.2111937,1.1842259,1.1607413,1.2219492,1.3376508,1.3194239,1.350847
701,sum_root,0,0,0,0.6089838,0.87847155,1.247578644,1.27440488,1.323776436,1.30505082,1.31181572,1.32293047,1.4794052,1.43990697,1.48990002
